run,dmgfuncpar,climate,SSP,RCP,prtp,eta,dr,gscc,n_iso3,scenario_id,discount_id,log_gscc
bhm_lr,bootstrap,expected,SSP1,rcp45,1.0,0p7,,2082.3838338042747,169,ssp1_rcp45,ramsey_prtp1p0_eta0p7,7.641268590398337
bhm_lr,bootstrap,expected,SSP1,rcp45,1.0,1p5,,1373.071413657532,169,ssp1_rcp45,ramsey_prtp1p0_eta1p5,7.224805417275896
bhm_lr,bootstrap,expected,SSP1,rcp45,2.0,0p7,,1033.8030001530176,169,ssp1_rcp45,ramsey_prtp2p0_eta0p7,6.940999514821007
bhm_lr,bootstrap,expected,SSP1,rcp45,2.0,1p5,,675.610234853325,169,ssp1_rcp45,ramsey_prtp2p0_eta1p5,6.515616334098536
bhm_lr,bootstrap,expected,SSP1,rcp45,,,3.0,1073.8200897868803,169,ssp1_rcp45,fixed_dr3p0,6.97897774687183
bhm_lr,bootstrap,expected,SSP1,rcp45,,,5.0,422.203006589722,169,ssp1_rcp45,fixed_dr5p0,6.045486256634061
bhm_lr,bootstrap,expected,SSP1,rcp60,1.0,0p7,,2087.601374477247,169,ssp1_rcp60,ramsey_prtp1p0_eta0p7,7.643771018169716
bhm_lr,bootstrap,expected,SSP1,rcp60,1.0,1p5,,1383.8934250636783,169,ssp1_rcp60,ramsey_prtp1p0_eta1p5,7.232656128200784
bhm_lr,bootstrap,expected,SSP1,rcp60,2.0,0p7,,1036.093008938414,169,ssp1_rcp60,ramsey_prtp2p0_eta0p7,6.943212195757298
bhm_lr,bootstrap,expected,SSP1,rcp60,2.0,1p5,,677.3691315662712,169,ssp1_rcp60,ramsey_prtp2p0_eta1p5,6.518216370355517
bhm_lr,bootstrap,expected,SSP1,rcp60,,,3.0,1090.8769674285913,169,ssp1_rcp60,fixed_dr3p0,6.994737209014418
bhm_lr,bootstrap,expected,SSP1,rcp60,,,5.0,431.87656081386876,169,ssp1_rcp60,fixed_dr5p0,6.068139808556199
bhm_lr,bootstrap,expected,SSP2,rcp45,1.0,0p7,,2229.1595036910503,169,ssp2_rcp45,ramsey_prtp1p0_eta0p7,7.709379889233517
bhm_lr,bootstrap,expected,SSP2,rcp45,1.0,1p5,,1624.2399317150137,169,ssp2_rcp45,ramsey_prtp1p0_eta1p5,7.392795251012792
bhm_lr,bootstrap,expected,SSP2,rcp45,2.0,0p7,,1078.2958895409433,169,ssp2_rcp45,ramsey_prtp2p0_eta0p7,6.983137193899813
bhm_lr,bootstrap,expected,SSP2,rcp45,2.0,1p5,,788.1240623156845,169,ssp2_rcp45,ramsey_prtp2p0_eta1p5,6.669655516952493
bhm_lr,bootstrap,expected,SSP2,rcp45,,,3.0,926.0398492907342,169,ssp2_rcp45,fixed_dr3p0,6.830917267511542
bhm_lr,bootstrap,expected,SSP2,rcp45,,,5.0,358.87405081184437,169,ssp2_rcp45,fixed_dr5p0,5.882971493538655
bhm_lr,bootstrap,expected,SSP2,rcp60,1.0,0p7,,2235.3307007383446,169,ssp2_rcp60,ramsey_prtp1p0_eta0p7,7.712144460638169
bhm_lr,bootstrap,expected,SSP2,rcp60,1.0,1p5,,1643.2825047851566,169,ssp2_rcp60,ramsey_prtp1p0_eta1p5,7.404451047739259
bhm_lr,bootstrap,expected,SSP2,rcp60,2.0,0p7,,1080.2036606733766,169,ssp2_rcp60,ramsey_prtp2p0_eta0p7,6.984904877037863
bhm_lr,bootstrap,expected,SSP2,rcp60,2.0,1p5,,788.4595443796749,169,ssp2_rcp60,ramsey_prtp2p0_eta1p5,6.670081098022383
bhm_lr,bootstrap,expected,SSP2,rcp60,,,3.0,939.5440276739428,169,ssp2_rcp60,fixed_dr3p0,6.8453946806335555
bhm_lr,bootstrap,expected,SSP2,rcp60,,,5.0,366.71104401850585,169,ssp2_rcp60,fixed_dr5p0,5.904574191936296
bhm_lr,bootstrap,expected,SSP2,rcp85,1.0,0p7,,2132.95152742093,169,ssp2_rcp85,ramsey_prtp1p0_eta0p7,7.6652619931409
bhm_lr,bootstrap,expected,SSP2,rcp85,1.0,1p5,,2322.337671049458,169,ssp2_rcp85,ramsey_prtp1p0_eta1p5,7.75032957418693
bhm_lr,bootstrap,expected,SSP2,rcp85,2.0,0p7,,1024.3129640663913,169,ssp2_rcp85,ramsey_prtp2p0_eta0p7,6.931777387875519
bhm_lr,bootstrap,expected,SSP2,rcp85,2.0,1p5,,1024.2259342664513,169,ssp2_rcp85,ramsey_prtp2p0_eta1p5,6.931692420194345
bhm_lr,bootstrap,expected,SSP2,rcp85,,,3.0,696.5064946394326,169,ssp2_rcp85,fixed_dr3p0,6.546077117856117
bhm_lr,bootstrap,expected,SSP2,rcp85,,,5.0,306.18653799061707,169,ssp2_rcp85,fixed_dr5p0,5.724194517497526
bhm_lr,bootstrap,expected,SSP3,rcp45,1.0,0p7,,2196.757416193064,169,ssp3_rcp45,ramsey_prtp1p0_eta0p7,7.694737650354351
bhm_lr,bootstrap,expected,SSP3,rcp45,1.0,1p5,,2328.0651132486787,169,ssp3_rcp45,ramsey_prtp1p0_eta1p5,7.752792778068725
bhm_lr,bootstrap,expected,SSP3,rcp45,2.0,0p7,,1024.519101750479,169,ssp3_rcp45,ramsey_prtp2p0_eta0p7,6.931978612454363
bhm_lr,bootstrap,expected,SSP3,rcp45,2.0,1p5,,1038.323949765108,169,ssp3_rcp45,ramsey_prtp2p0_eta1p5,6.9453631053682505
bhm_lr,bootstrap,expected,SSP3,rcp45,,,3.0,607.2576089700275,169,ssp3_rcp45,fixed_dr3p0,6.408953098013788
bhm_lr,bootstrap,expected,SSP3,rcp45,,,5.0,259.5812917324624,169,ssp3_rcp45,fixed_dr5p0,5.559069916487552
bhm_lr,bootstrap,expected,SSP3,rcp85,1.0,0p7,,1979.4904714147187,169,ssp3_rcp85,ramsey_prtp1p0_eta0p7,7.590594752902227
bhm_lr,bootstrap,expected,SSP3,rcp85,1.0,1p5,,3234.8963583556733,169,ssp3_rcp85,ramsey_prtp1p0_eta1p5,8.081752168819213
bhm_lr,bootstrap,expected,SSP3,rcp85,2.0,0p7,,939.5531369503625,169,ssp3_rcp85,ramsey_prtp2p0_eta0p7,6.845404376009176
bhm_lr,bootstrap,expected,SSP3,rcp85,2.0,1p5,,1347.6572206548954,169,ssp3_rcp85,ramsey_prtp2p0_eta1p5,7.206122971787742
bhm_lr,bootstrap,expected,SSP3,rcp85,,,3.0,480.6901459950682,169,ssp3_rcp85,fixed_dr3p0,6.1752228754076475
bhm_lr,bootstrap,expected,SSP3,rcp85,,,5.0,228.5811445622241,169,ssp3_rcp85,fixed_dr5p0,5.431891265728873
bhm_lr,bootstrap,expected,SSP4,rcp45,1.0,0p7,,1980.7114729829684,169,ssp4_rcp45,ramsey_prtp1p0_eta0p7,7.591211388934472
bhm_lr,bootstrap,expected,SSP4,rcp45,1.0,1p5,,1501.587959266917,169,ssp4_rcp45,ramsey_prtp1p0_eta1p5,7.314278466637937
bhm_lr,bootstrap,expected,SSP4,rcp45,2.0,0p7,,966.5193423957468,169,ssp4_rcp45,ramsey_prtp2p0_eta0p7,6.873701311273529
bhm_lr,bootstrap,expected,SSP4,rcp45,2.0,1p5,,729.4428563264074,169,ssp4_rcp45,ramsey_prtp2p0_eta1p5,6.592281032237251
bhm_lr,bootstrap,expected,SSP4,rcp45,,,3.0,753.42310600184,169,ssp4_rcp45,fixed_dr3p0,6.624626963757447
bhm_lr,bootstrap,expected,SSP4,rcp45,,,5.0,313.60164687948657,169,ssp4_rcp45,fixed_dr5p0,5.748123539991439
bhm_lr,bootstrap,expected,SSP4,rcp60,1.0,0p7,,1984.4048106596085,169,ssp4_rcp60,ramsey_prtp1p0_eta0p7,7.593074304662823
bhm_lr,bootstrap,expected,SSP4,rcp60,1.0,1p5,,1520.9972039737022,169,ssp4_rcp60,ramsey_prtp1p0_eta1p5,7.327121453976013
bhm_lr,bootstrap,expected,SSP4,rcp60,2.0,0p7,,968.4546811525194,169,ssp4_rcp60,ramsey_prtp2p0_eta0p7,6.875701688930879
bhm_lr,bootstrap,expected,SSP4,rcp60,2.0,1p5,,731.5016307662898,169,ssp4_rcp60,ramsey_prtp2p0_eta1p5,6.595099449803271
bhm_lr,bootstrap,expected,SSP4,rcp60,,,3.0,765.1707364663426,169,ssp4_rcp60,fixed_dr3p0,6.640098993847809
bhm_lr,bootstrap,expected,SSP4,rcp60,,,5.0,320.5340914591771,169,ssp4_rcp60,fixed_dr5p0,5.769988640311296
bhm_lr,bootstrap,expected,SSP5,rcp45,1.0,0p7,,2581.3185433878803,169,ssp5_rcp45,ramsey_prtp1p0_eta0p7,7.856055610695913
bhm_lr,bootstrap,expected,SSP5,rcp45,1.0,1p5,,1321.8374459150268,169,ssp5_rcp45,ramsey_prtp1p0_eta1p5,7.186778052121407
bhm_lr,bootstrap,expected,SSP5,rcp45,2.0,0p7,,1263.6436941065547,169,ssp5_rcp45,ramsey_prtp2p0_eta0p7,7.141754647395104
bhm_lr,bootstrap,expected,SSP5,rcp45,2.0,1p5,,669.2122198038908,169,ssp5_rcp45,ramsey_prtp2p0_eta1p5,6.506101229262584
bhm_lr,bootstrap,expected,SSP5,rcp45,,,3.0,1582.839260148006,169,ssp5_rcp45,fixed_dr3p0,7.366975513441712
bhm_lr,bootstrap,expected,SSP5,rcp45,,,5.0,575.7306633225788,169,ssp5_rcp45,fixed_dr5p0,6.3556399529393675
bhm_lr,bootstrap,expected,SSP5,rcp85,1.0,0p7,,2499.908598565209,169,ssp5_rcp85,ramsey_prtp1p0_eta0p7,7.824009449614022
bhm_lr,bootstrap,expected,SSP5,rcp85,1.0,1p5,,1894.999146561423,169,ssp5_rcp85,ramsey_prtp1p0_eta1p5,7.54697366715306
bhm_lr,bootstrap,expected,SSP5,rcp85,2.0,0p7,,1211.0147746235634,169,ssp5_rcp85,ramsey_prtp2p0_eta0p7,7.099213943828432
bhm_lr,bootstrap,expected,SSP5,rcp85,2.0,1p5,,865.5685642879672,169,ssp5_rcp85,ramsey_prtp2p0_eta1p5,6.763386590759885
bhm_lr,bootstrap,expected,SSP5,rcp85,,,3.0,1156.2387037151104,169,ssp5_rcp85,fixed_dr3p0,7.052927519019006
bhm_lr,bootstrap,expected,SSP5,rcp85,,,5.0,480.9684749804985,169,ssp5_rcp85,fixed_dr5p0,6.1758017273767996
bhm_lr,bootstrap,uncertain,SSP1,rcp45,1.0,0p7,,1991.8206023013877,169,ssp1_rcp45,ramsey_prtp1p0_eta0p7,7.596804375003332
bhm_lr,bootstrap,uncertain,SSP1,rcp45,1.0,1p5,,1282.366105255079,169,ssp1_rcp45,ramsey_prtp1p0_eta1p5,7.156462170234161
bhm_lr,bootstrap,uncertain,SSP1,rcp45,2.0,0p7,,989.2749134846777,169,ssp1_rcp45,ramsey_prtp2p0_eta0p7,6.896972264163406
bhm_lr,bootstrap,uncertain,SSP1,rcp45,2.0,1p5,,633.7375329664962,169,ssp1_rcp45,ramsey_prtp2p0_eta1p5,6.451634882864162
bhm_lr,bootstrap,uncertain,SSP1,rcp45,,,3.0,993.6903199666227,169,ssp1_rcp45,fixed_dr3p0,6.901425608785646
bhm_lr,bootstrap,uncertain,SSP1,rcp45,,,5.0,399.0710862419711,169,ssp1_rcp45,fixed_dr5p0,5.989139562028522
bhm_lr,bootstrap,uncertain,SSP1,rcp60,1.0,0p7,,1957.8523409508057,169,ssp1_rcp60,ramsey_prtp1p0_eta0p7,7.579603407044901
bhm_lr,bootstrap,uncertain,SSP1,rcp60,1.0,1p5,,1257.622227508598,169,ssp1_rcp60,ramsey_prtp1p0_eta1p5,7.13697809606439
bhm_lr,bootstrap,uncertain,SSP1,rcp60,2.0,0p7,,973.7930483661981,169,ssp1_rcp60,ramsey_prtp2p0_eta0p7,6.881198805056246
bhm_lr,bootstrap,uncertain,SSP1,rcp60,2.0,1p5,,619.4071012338502,169,ssp1_rcp60,ramsey_prtp2p0_eta1p5,6.428762732171236
bhm_lr,bootstrap,uncertain,SSP1,rcp60,,,3.0,1012.8218838623128,169,ssp1_rcp60,fixed_dr3p0,6.920495658445491
bhm_lr,bootstrap,uncertain,SSP1,rcp60,,,5.0,406.0102043991334,169,ssp1_rcp60,fixed_dr5p0,6.006378293273893
bhm_lr,bootstrap,uncertain,SSP1,rcp85,1.0,0p7,,1919.4192031335654,169,ssp1_rcp85,ramsey_prtp1p0_eta0p7,7.559777920892032
bhm_lr,bootstrap,uncertain,SSP1,rcp85,1.0,1p5,,1790.9763636879977,169,ssp1_rcp85,ramsey_prtp1p0_eta1p5,7.4905162047028275
bhm_lr,bootstrap,uncertain,SSP1,rcp85,2.0,0p7,,951.3816307518392,169,ssp1_rcp85,ramsey_prtp2p0_eta0p7,6.857915276214393
bhm_lr,bootstrap,uncertain,SSP1,rcp85,2.0,1p5,,815.656273575879,169,ssp1_rcp85,ramsey_prtp2p0_eta1p5,6.703993032857518
bhm_lr,bootstrap,uncertain,SSP1,rcp85,,,3.0,774.2692398631634,169,ssp1_rcp85,fixed_dr3p0,6.6519196682225274
bhm_lr,bootstrap,uncertain,SSP1,rcp85,,,5.0,346.62276123760677,169,ssp1_rcp85,fixed_dr5p0,5.848237045170351
bhm_lr,bootstrap,uncertain,SSP2,rcp45,1.0,0p7,,2129.800039539974,169,ssp2_rcp45,ramsey_prtp1p0_eta0p7,7.6637833761463945
bhm_lr,bootstrap,uncertain,SSP2,rcp45,1.0,1p5,,1513.1218641089322,169,ssp2_rcp45,ramsey_prtp1p0_eta1p5,7.321930255230155
bhm_lr,bootstrap,uncertain,SSP2,rcp45,2.0,0p7,,1032.8884027283827,169,ssp2_rcp45,ramsey_prtp2p0_eta0p7,6.94011443107501
bhm_lr,bootstrap,uncertain,SSP2,rcp45,2.0,1p5,,738.1709823442384,169,ssp2_rcp45,ramsey_prtp2p0_eta1p5,6.604175481159297
bhm_lr,bootstrap,uncertain,SSP2,rcp45,,,3.0,856.1411411847931,169,ssp2_rcp45,fixed_dr3p0,6.752435247111451
bhm_lr,bootstrap,uncertain,SSP2,rcp45,,,5.0,338.8010488028016,169,ssp2_rcp45,fixed_dr5p0,5.825413058413018
bhm_lr,bootstrap,uncertain,SSP2,rcp60,1.0,0p7,,2097.843894699839,169,ssp2_rcp60,ramsey_prtp1p0_eta0p7,7.648665379467162
bhm_lr,bootstrap,uncertain,SSP2,rcp60,1.0,1p5,,1487.3093720006289,169,ssp2_rcp60,ramsey_prtp1p0_eta1p5,7.304723975930564
bhm_lr,bootstrap,uncertain,SSP2,rcp60,2.0,0p7,,1016.3159335116882,169,ssp2_rcp60,ramsey_prtp2p0_eta0p7,6.923939537981748
bhm_lr,bootstrap,uncertain,SSP2,rcp60,2.0,1p5,,720.6418842187212,169,ssp2_rcp60,ramsey_prtp2p0_eta1p5,6.580142320714114
bhm_lr,bootstrap,uncertain,SSP2,rcp60,,,3.0,871.102049028424,169,ssp2_rcp60,fixed_dr3p0,6.769759133053079
bhm_lr,bootstrap,uncertain,SSP2,rcp60,,,5.0,344.83171745476415,169,ssp2_rcp60,fixed_dr5p0,5.843056522536758
bhm_lr,bootstrap,uncertain,SSP2,rcp85,1.0,0p7,,2047.6314476587963,169,ssp2_rcp85,ramsey_prtp1p0_eta0p7,7.624439012767306
bhm_lr,bootstrap,uncertain,SSP2,rcp85,1.0,1p5,,2154.1477945031033,169,ssp2_rcp85,ramsey_prtp1p0_eta1p5,7.675150469337946
bhm_lr,bootstrap,uncertain,SSP2,rcp85,2.0,0p7,,988.3213446851377,169,ssp2_rcp85,ramsey_prtp2p0_eta0p7,6.896007892523337
bhm_lr,bootstrap,uncertain,SSP2,rcp85,2.0,1p5,,963.1518487538596,169,ssp2_rcp85,ramsey_prtp2p0_eta1p5,6.870211082393278
bhm_lr,bootstrap,uncertain,SSP2,rcp85,,,3.0,659.7582053552297,169,ssp2_rcp85,fixed_dr3p0,6.491873412373513
bhm_lr,bootstrap,uncertain,SSP2,rcp85,,,5.0,293.64536118596806,169,ssp2_rcp85,fixed_dr5p0,5.682372784758679
bhm_lr,bootstrap,uncertain,SSP3,rcp45,1.0,0p7,,2090.2579060601647,169,ssp3_rcp45,ramsey_prtp1p0_eta0p7,7.645042737374486
bhm_lr,bootstrap,uncertain,SSP3,rcp45,1.0,1p5,,2160.888514380209,169,ssp3_rcp45,ramsey_prtp1p0_eta1p5,7.678274765347399
bhm_lr,bootstrap,uncertain,SSP3,rcp45,2.0,0p7,,977.8407027400306,169,ssp3_rcp45,ramsey_prtp2p0_eta0p7,6.885346776134411
bhm_lr,bootstrap,uncertain,SSP3,rcp45,2.0,1p5,,967.7926742867535,169,ssp3_rcp45,ramsey_prtp2p0_eta1p5,6.875017884881049
bhm_lr,bootstrap,uncertain,SSP3,rcp45,,,3.0,565.00230043521,169,ssp3_rcp45,fixed_dr3p0,6.336829802704895
bhm_lr,bootstrap,uncertain,SSP3,rcp45,,,5.0,246.52038051481154,169,ssp3_rcp45,fixed_dr5p0,5.507444669638249
bhm_lr,bootstrap,uncertain,SSP3,rcp60,1.0,0p7,,2053.849425161477,169,ssp3_rcp60,ramsey_prtp1p0_eta0p7,7.627471079700786
bhm_lr,bootstrap,uncertain,SSP3,rcp60,1.0,1p5,,2120.23549215267,169,ssp3_rcp60,ramsey_prtp1p0_eta1p5,7.6592824427010875
bhm_lr,bootstrap,uncertain,SSP3,rcp60,2.0,0p7,,963.8656021084249,169,ssp3_rcp60,ramsey_prtp2p0_eta0p7,6.870951867991132
bhm_lr,bootstrap,uncertain,SSP3,rcp60,2.0,1p5,,945.8796501868163,169,ssp3_rcp60,ramsey_prtp2p0_eta1p5,6.852115341283099
bhm_lr,bootstrap,uncertain,SSP3,rcp60,,,3.0,575.1527171217595,169,ssp3_rcp60,fixed_dr3p0,6.354635600527608
bhm_lr,bootstrap,uncertain,SSP3,rcp60,,,5.0,250.12875796406684,169,ssp3_rcp60,fixed_dr5p0,5.521975817135129
bhm_lr,bootstrap,uncertain,SSP3,rcp85,1.0,0p7,,1902.135027876252,169,ssp3_rcp85,ramsey_prtp1p0_eta0p7,7.5507322331597475
bhm_lr,bootstrap,uncertain,SSP3,rcp85,1.0,1p5,,3014.58122067016,169,ssp3_rcp85,ramsey_prtp1p0_eta1p5,8.011216200897117
bhm_lr,bootstrap,uncertain,SSP3,rcp85,2.0,0p7,,908.4151770803176,169,ssp3_rcp85,ramsey_prtp2p0_eta0p7,6.811701517577873
bhm_lr,bootstrap,uncertain,SSP3,rcp85,2.0,1p5,,1264.8692027378997,169,ssp3_rcp85,ramsey_prtp2p0_eta1p5,7.142723998770639
bhm_lr,bootstrap,uncertain,SSP3,rcp85,,,3.0,455.98784493552716,169,ssp3_rcp85,fixed_dr3p0,6.122466153315971
bhm_lr,bootstrap,uncertain,SSP3,rcp85,,,5.0,220.52543981893677,169,ssp3_rcp85,fixed_dr5p0,5.396013061560422
bhm_lr,bootstrap,uncertain,SSP4,rcp45,1.0,0p7,,1887.936241650523,169,ssp4_rcp45,ramsey_prtp1p0_eta0p7,7.5432395758229935
bhm_lr,bootstrap,uncertain,SSP4,rcp45,1.0,1p5,,1391.0403093993862,169,ssp4_rcp45,ramsey_prtp1p0_eta1p5,7.237807170223472
bhm_lr,bootstrap,uncertain,SSP4,rcp45,2.0,0p7,,923.2646031460501,169,ssp4_rcp45,ramsey_prtp2p0_eta0p7,6.8279158707167635
bhm_lr,bootstrap,uncertain,SSP4,rcp45,2.0,1p5,,681.1801130393436,169,ssp4_rcp45,ramsey_prtp2p0_eta1p5,6.523826754350846
bhm_lr,bootstrap,uncertain,SSP4,rcp45,,,3.0,698.2017100406509,169,ssp4_rcp45,fixed_dr3p0,6.548508043881129
bhm_lr,bootstrap,uncertain,SSP4,rcp45,,,5.0,297.75689801131756,169,ssp4_rcp45,fixed_dr5p0,5.696277375091548
bhm_lr,bootstrap,uncertain,SSP4,rcp60,1.0,0p7,,1855.8794599729092,169,ssp4_rcp60,ramsey_prtp1p0_eta0p7,7.526113965101769
bhm_lr,bootstrap,uncertain,SSP4,rcp60,1.0,1p5,,1367.5427350327122,169,ssp4_rcp60,ramsey_prtp1p0_eta1p5,7.22077078428881
bhm_lr,bootstrap,uncertain,SSP4,rcp60,2.0,0p7,,909.6889722395858,169,ssp4_rcp60,ramsey_prtp2p0_eta0p7,6.813102752340101
bhm_lr,bootstrap,uncertain,SSP4,rcp60,2.0,1p5,,663.2485843949922,169,ssp4_rcp60,ramsey_prtp2p0_eta1p5,6.497149858669537
bhm_lr,bootstrap,uncertain,SSP4,rcp60,,,3.0,712.1507239579333,169,ssp4_rcp60,fixed_dr3p0,6.568289579960761
bhm_lr,bootstrap,uncertain,SSP4,rcp60,,,5.0,302.61754288125843,169,ssp4_rcp60,fixed_dr5p0,5.71246977350483
bhm_lr,bootstrap,uncertain,SSP4,rcp85,1.0,0p7,,1792.0409870898209,169,ssp4_rcp85,ramsey_prtp1p0_eta0p7,7.4911104655332545
bhm_lr,bootstrap,uncertain,SSP4,rcp85,1.0,1p5,,2002.9421851668392,169,ssp4_rcp85,ramsey_prtp1p0_eta1p5,7.602372471128842
bhm_lr,bootstrap,uncertain,SSP4,rcp85,2.0,0p7,,880.5400849491745,169,ssp4_rcp85,ramsey_prtp2p0_eta0p7,6.780535452112029
bhm_lr,bootstrap,uncertain,SSP4,rcp85,2.0,1p5,,897.4323714202361,169,ssp4_rcp85,ramsey_prtp2p0_eta1p5,6.799537765345306
bhm_lr,bootstrap,uncertain,SSP4,rcp85,,,3.0,563.2154849463757,169,ssp4_rcp85,fixed_dr3p0,6.3336622990439455
bhm_lr,bootstrap,uncertain,SSP4,rcp85,,,5.0,265.23581486012876,169,ssp4_rcp85,fixed_dr5p0,5.58061929768567
bhm_lr,bootstrap,uncertain,SSP5,rcp45,1.0,0p7,,2465.4194886665255,169,ssp5_rcp45,ramsey_prtp1p0_eta0p7,7.810117249956187
bhm_lr,bootstrap,uncertain,SSP5,rcp45,1.0,1p5,,1223.3081377352225,169,ssp5_rcp45,ramsey_prtp1p0_eta1p5,7.109314056311643
bhm_lr,bootstrap,uncertain,SSP5,rcp45,2.0,0p7,,1208.576510288304,169,ssp5_rcp45,ramsey_prtp2p0_eta0p7,7.097198508266391
bhm_lr,bootstrap,uncertain,SSP5,rcp45,2.0,1p5,,625.3129877298967,169,ssp5_rcp45,ramsey_prtp2p0_eta1p5,6.438252304755594
bhm_lr,bootstrap,uncertain,SSP5,rcp45,,,3.0,1453.5520506826795,169,ssp5_rcp45,fixed_dr3p0,7.281765529940945
bhm_lr,bootstrap,uncertain,SSP5,rcp45,,,5.0,540.2822546536925,169,ssp5_rcp45,fixed_dr5p0,6.292091696804631
bhm_lr,bootstrap,uncertain,SSP5,rcp60,1.0,0p7,,2425.6098004284027,169,ssp5_rcp60,ramsey_prtp1p0_eta0p7,7.793838235853975
bhm_lr,bootstrap,uncertain,SSP5,rcp60,1.0,1p5,,1201.403074445867,169,ssp5_rcp60,ramsey_prtp1p0_eta1p5,7.0912453814654475
bhm_lr,bootstrap,uncertain,SSP5,rcp60,2.0,0p7,,1190.8779020627635,169,ssp5_rcp60,ramsey_prtp2p0_eta0p7,7.082446046940328
bhm_lr,bootstrap,uncertain,SSP5,rcp60,2.0,1p5,,609.1551169667468,169,ssp5_rcp60,ramsey_prtp2p0_eta1p5,6.412072942940374
bhm_lr,bootstrap,uncertain,SSP5,rcp60,,,3.0,1484.0342204537935,169,ssp5_rcp60,fixed_dr3p0,7.3025194830664395
bhm_lr,bootstrap,uncertain,SSP5,rcp60,,,5.0,550.5922701466252,169,ssp5_rcp60,fixed_dr5p0,6.31099455364633
bhm_lr,bootstrap,uncertain,SSP5,rcp85,1.0,0p7,,2410.645517603938,169,ssp5_rcp85,ramsey_prtp1p0_eta0p7,7.7876498402475836
bhm_lr,bootstrap,uncertain,SSP5,rcp85,1.0,1p5,,1771.4435835321738,169,ssp5_rcp85,ramsey_prtp1p0_eta1p5,7.47955007707652
bhm_lr,bootstrap,uncertain,SSP5,rcp85,2.0,0p7,,1170.137101259836,169,ssp5_rcp85,ramsey_prtp2p0_eta0p7,7.064876201490658
bhm_lr,bootstrap,uncertain,SSP5,rcp85,2.0,1p5,,815.6877777006268,169,ssp5_rcp85,ramsey_prtp2p0_eta1p5,6.704031656377465
bhm_lr,bootstrap,uncertain,SSP5,rcp85,,,3.0,1090.9720456070547,169,ssp5_rcp85,fixed_dr3p0,6.9948243627798306
bhm_lr,bootstrap,uncertain,SSP5,rcp85,,,5.0,458.92281166607853,169,ssp5_rcp85,fixed_dr5p0,6.128882029614167
bhm_lr,estimates,expected,SSP1,rcp45,1.0,0p7,,2057.769282237591,169,ssp1_rcp45,ramsey_prtp1p0_eta0p7,7.629377802353178
bhm_lr,estimates,expected,SSP1,rcp45,1.0,1p5,,1356.9645882033576,169,ssp1_rcp45,ramsey_prtp1p0_eta1p5,7.213005563844672
bhm_lr,estimates,expected,SSP1,rcp45,2.0,0p7,,1021.2403084423829,169,ssp1_rcp45,ramsey_prtp2p0_eta0p7,6.928773156231884
bhm_lr,estimates,expected,SSP1,rcp45,2.0,1p5,,668.4879404460376,169,ssp1_rcp45,ramsey_prtp2p0_eta1p5,6.505018356657571
bhm_lr,estimates,expected,SSP1,rcp45,,,3.0,1079.6700997381763,169,ssp1_rcp45,fixed_dr3p0,6.984410810249485
bhm_lr,estimates,expected,SSP1,rcp45,,,5.0,418.9434073874063,169,ssp1_rcp45,fixed_dr5p0,6.037735844898739
bhm_lr,estimates,expected,SSP1,rcp60,1.0,0p7,,2061.87439184825,169,ssp1_rcp60,ramsey_prtp1p0_eta0p7,7.631370747031969
bhm_lr,estimates,expected,SSP1,rcp60,1.0,1p5,,1370.6675679248347,169,ssp1_rcp60,ramsey_prtp1p0_eta1p5,7.223053175999385
bhm_lr,estimates,expected,SSP1,rcp60,2.0,0p7,,1023.9435545415505,169,ssp1_rcp60,ramsey_prtp2p0_eta0p7,6.931416681562134
bhm_lr,estimates,expected,SSP1,rcp60,2.0,1p5,,668.8182020678219,169,ssp1_rcp60,ramsey_prtp2p0_eta1p5,6.505512277410642
bhm_lr,estimates,expected,SSP1,rcp60,,,3.0,1093.9367143761688,169,ssp1_rcp60,fixed_dr3p0,6.997538133389265
bhm_lr,estimates,expected,SSP1,rcp60,,,5.0,428.03592474788434,169,ssp1_rcp60,fixed_dr5p0,6.059207128386173
bhm_lr,estimates,expected,SSP2,rcp45,1.0,0p7,,2199.371479147728,169,ssp2_rcp45,ramsey_prtp1p0_eta0p7,7.695926907232387
bhm_lr,estimates,expected,SSP2,rcp45,1.0,1p5,,1599.5280682178502,169,ssp2_rcp45,ramsey_prtp1p0_eta1p5,7.37746390735555
bhm_lr,estimates,expected,SSP2,rcp45,2.0,0p7,,1064.4994953524738,169,ssp2_rcp45,ramsey_prtp2p0_eta0p7,6.970260010263411
bhm_lr,estimates,expected,SSP2,rcp45,2.0,1p5,,774.8390739515364,169,ssp2_rcp45,ramsey_prtp2p0_eta1p5,6.652655361277678
bhm_lr,estimates,expected,SSP2,rcp45,,,3.0,934.1911998966829,169,ssp2_rcp45,fixed_dr3p0,6.839681128088597
bhm_lr,estimates,expected,SSP2,rcp45,,,5.0,356.41865067941865,169,ssp2_rcp45,fixed_dr5p0,5.876106024977781
bhm_lr,estimates,expected,SSP2,rcp60,1.0,0p7,,2203.8486530968,169,ssp2_rcp60,ramsey_prtp1p0_eta0p7,7.697960498721138
bhm_lr,estimates,expected,SSP2,rcp60,1.0,1p5,,1617.5180163946425,169,ssp2_rcp60,ramsey_prtp1p0_eta1p5,7.388648164733205
bhm_lr,estimates,expected,SSP2,rcp60,2.0,0p7,,1067.2354313690914,169,ssp2_rcp60,ramsey_prtp2p0_eta0p7,6.97282687491861
bhm_lr,estimates,expected,SSP2,rcp60,2.0,1p5,,775.8395283460275,169,ssp2_rcp60,ramsey_prtp2p0_eta1p5,6.653945705430001
bhm_lr,estimates,expected,SSP2,rcp60,,,3.0,944.540552609583,169,ssp2_rcp60,fixed_dr3p0,6.850698621551446
bhm_lr,estimates,expected,SSP2,rcp60,,,5.0,363.6449681322315,169,ssp2_rcp60,fixed_dr5p0,5.896178029387344
bhm_lr,estimates,expected,SSP2,rcp85,1.0,0p7,,2097.7228659647917,169,ssp2_rcp85,ramsey_prtp1p0_eta0p7,7.648607685838632
bhm_lr,estimates,expected,SSP2,rcp85,1.0,1p5,,2253.4857349418244,169,ssp2_rcp85,ramsey_prtp1p0_eta1p5,7.720233511931756
bhm_lr,estimates,expected,SSP2,rcp85,2.0,0p7,,1008.2645726768998,169,ssp2_rcp85,ramsey_prtp2p0_eta0p7,6.91598588708508
bhm_lr,estimates,expected,SSP2,rcp85,2.0,1p5,,998.7128825873713,169,ssp2_rcp85,ramsey_prtp2p0_eta1p5,6.9064673325224275
bhm_lr,estimates,expected,SSP2,rcp85,,,3.0,714.4978292448068,169,ssp2_rcp85,fixed_dr3p0,6.571579959219481
bhm_lr,estimates,expected,SSP2,rcp85,,,5.0,305.08645272694645,169,ssp2_rcp85,fixed_dr5p0,5.7205951880063655
bhm_lr,estimates,expected,SSP3,rcp45,1.0,0p7,,2161.220757637069,169,ssp3_rcp45,ramsey_prtp1p0_eta0p7,7.678428506605013
bhm_lr,estimates,expected,SSP3,rcp45,1.0,1p5,,2253.6769566908088,169,ssp3_rcp45,ramsey_prtp1p0_eta1p5,7.720318364315476
bhm_lr,estimates,expected,SSP3,rcp45,2.0,0p7,,1009.1880670067837,169,ssp3_rcp45,ramsey_prtp2p0_eta0p7,6.916901392486516
bhm_lr,estimates,expected,SSP3,rcp45,2.0,1p5,,1007.5538550939236,169,ssp3_rcp45,ramsey_prtp2p0_eta1p5,6.9152807465797315
bhm_lr,estimates,expected,SSP3,rcp45,,,3.0,607.0633334696101,169,ssp3_rcp45,fixed_dr3p0,6.408633124116797
bhm_lr,estimates,expected,SSP3,rcp45,,,5.0,257.4603670054323,169,ssp3_rcp45,fixed_dr5p0,5.5508657937157215
bhm_lr,estimates,expected,SSP3,rcp85,1.0,0p7,,1949.9846856923384,169,ssp3_rcp85,ramsey_prtp1p0_eta0p7,7.575576798035845
bhm_lr,estimates,expected,SSP3,rcp85,1.0,1p5,,3087.2756475854117,169,ssp3_rcp85,ramsey_prtp1p0_eta1p5,8.035044313546358
bhm_lr,estimates,expected,SSP3,rcp85,2.0,0p7,,925.8670856265695,169,ssp3_rcp85,ramsey_prtp2p0_eta0p7,6.830730688303475
bhm_lr,estimates,expected,SSP3,rcp85,2.0,1p5,,1294.1910492306981,169,ssp3_rcp85,ramsey_prtp2p0_eta1p5,7.165641106535811
bhm_lr,estimates,expected,SSP3,rcp85,,,3.0,483.71476963966563,169,ssp3_rcp85,fixed_dr3p0,6.1814954140736695
bhm_lr,estimates,expected,SSP3,rcp85,,,5.0,226.83046165962818,169,ssp3_rcp85,fixed_dr5p0,5.4242028735032815
bhm_lr,estimates,expected,SSP4,rcp45,1.0,0p7,,1952.6226452675442,169,ssp4_rcp45,ramsey_prtp1p0_eta0p7,7.57692869421871
bhm_lr,estimates,expected,SSP4,rcp45,1.0,1p5,,1461.1674636311625,169,ssp4_rcp45,ramsey_prtp1p0_eta1p5,7.286991027790629
bhm_lr,estimates,expected,SSP4,rcp45,2.0,0p7,,953.3737698412192,169,ssp4_rcp45,ramsey_prtp2p0_eta0p7,6.860007030163622
bhm_lr,estimates,expected,SSP4,rcp45,2.0,1p5,,712.5334883717723,169,ssp4_rcp45,ramsey_prtp2p0_eta1p5,6.568826912261823
bhm_lr,estimates,expected,SSP4,rcp45,,,3.0,751.9344069518273,169,ssp4_rcp45,fixed_dr3p0,6.622649095347434
bhm_lr,estimates,expected,SSP4,rcp45,,,5.0,311.20022246461997,169,ssp4_rcp45,fixed_dr5p0,5.740436507164585
bhm_lr,estimates,expected,SSP4,rcp60,1.0,0p7,,1956.0807720222501,169,ssp4_rcp60,ramsey_prtp1p0_eta0p7,7.578698144232072
bhm_lr,estimates,expected,SSP4,rcp60,1.0,1p5,,1479.8128178484978,169,ssp4_rcp60,ramsey_prtp1p0_eta1p5,7.2996708843329055
bhm_lr,estimates,expected,SSP4,rcp60,2.0,0p7,,955.6745762026138,169,ssp4_rcp60,ramsey_prtp2p0_eta0p7,6.862417453639972
bhm_lr,estimates,expected,SSP4,rcp60,2.0,1p5,,714.021322797878,169,ssp4_rcp60,ramsey_prtp2p0_eta1p5,6.570912825756243
bhm_lr,estimates,expected,SSP4,rcp60,,,3.0,762.4993389093239,169,ssp4_rcp60,fixed_dr3p0,6.636601641477026
bhm_lr,estimates,expected,SSP4,rcp60,,,5.0,317.82234578941967,169,ssp4_rcp60,fixed_dr5p0,5.761492565631394
bhm_lr,estimates,expected,SSP5,rcp45,1.0,0p7,,2555.1475403988525,169,ssp5_rcp45,ramsey_prtp1p0_eta0p7,7.845865246723559
bhm_lr,estimates,expected,SSP5,rcp45,1.0,1p5,,1304.5997672093085,169,ssp5_rcp45,ramsey_prtp1p0_eta1p5,7.1736515809236145
bhm_lr,estimates,expected,SSP5,rcp45,2.0,0p7,,1251.0383857809372,169,ssp5_rcp45,ramsey_prtp2p0_eta0p7,7.131729194073652
bhm_lr,estimates,expected,SSP5,rcp45,2.0,1p5,,660.6858779645161,169,ssp5_rcp45,ramsey_prtp2p0_eta1p5,6.493278504453714
bhm_lr,estimates,expected,SSP5,rcp45,,,3.0,1600.8433392523748,169,ssp5_rcp45,fixed_dr3p0,7.378285856399029
bhm_lr,estimates,expected,SSP5,rcp45,,,5.0,571.7913038818775,169,ssp5_rcp45,fixed_dr5p0,6.348774071451258
bhm_lr,estimates,expected,SSP5,rcp85,1.0,0p7,,2464.5658391278484,169,ssp5_rcp85,ramsey_prtp1p0_eta0p7,7.809770940792792
bhm_lr,estimates,expected,SSP5,rcp85,1.0,1p5,,1862.3439753880477,169,ssp5_rcp85,ramsey_prtp1p0_eta1p5,7.529591175140945
bhm_lr,estimates,expected,SSP5,rcp85,2.0,0p7,,1192.8422464986545,169,ssp5_rcp85,ramsey_prtp2p0_eta0p7,7.084094180746413
bhm_lr,estimates,expected,SSP5,rcp85,2.0,1p5,,852.7468920399858,169,ssp5_rcp85,ramsey_prtp2p0_eta1p5,6.748462776660024
bhm_lr,estimates,expected,SSP5,rcp85,,,3.0,1200.958835374943,169,ssp5_rcp85,fixed_dr3p0,7.090875546201101
bhm_lr,estimates,expected,SSP5,rcp85,,,5.0,480.22703020501467,169,ssp5_rcp85,fixed_dr5p0,6.174258971676126
bhm_lr,estimates,uncertain,SSP1,rcp45,1.0,0p7,,1983.4122447830475,169,ssp1_rcp45,ramsey_prtp1p0_eta0p7,7.592573996365643
bhm_lr,estimates,uncertain,SSP1,rcp45,1.0,1p5,,1294.2894357575394,169,ssp1_rcp45,ramsey_prtp1p0_eta1p5,7.165717125286935
bhm_lr,estimates,uncertain,SSP1,rcp45,2.0,0p7,,981.788204420882,169,ssp1_rcp45,ramsey_prtp2p0_eta0p7,6.889375607313527
bhm_lr,estimates,uncertain,SSP1,rcp45,2.0,1p5,,640.9947830737464,169,ssp1_rcp45,ramsey_prtp2p0_eta1p5,6.463021318157045
bhm_lr,estimates,uncertain,SSP1,rcp45,,,3.0,1054.358284929738,169,ssp1_rcp45,fixed_dr3p0,6.960687600114453
bhm_lr,estimates,uncertain,SSP1,rcp45,,,5.0,405.8522909444833,169,ssp1_rcp45,fixed_dr5p0,6.005989277997174
bhm_lr,estimates,uncertain,SSP1,rcp60,1.0,0p7,,1923.6045921800246,169,ssp1_rcp60,ramsey_prtp1p0_eta0p7,7.56195609668493
bhm_lr,estimates,uncertain,SSP1,rcp60,1.0,1p5,,1236.7464886801752,169,ssp1_rcp60,ramsey_prtp1p0_eta1p5,7.120239410952928
bhm_lr,estimates,uncertain,SSP1,rcp60,2.0,0p7,,956.6398871940975,169,ssp1_rcp60,ramsey_prtp2p0_eta0p7,6.8634270272137226
bhm_lr,estimates,uncertain,SSP1,rcp60,2.0,1p5,,609.9097940162721,169,ssp1_rcp60,ramsey_prtp2p0_eta1p5,6.413311067570381
bhm_lr,estimates,uncertain,SSP1,rcp60,,,3.0,1045.4372631040733,169,ssp1_rcp60,fixed_dr3p0,6.952190510472404
bhm_lr,estimates,uncertain,SSP1,rcp60,,,5.0,407.14281337376354,169,ssp1_rcp60,fixed_dr5p0,6.00916401670434
bhm_lr,estimates,uncertain,SSP2,rcp45,1.0,0p7,,2117.603449210892,169,ssp2_rcp45,ramsey_prtp1p0_eta0p7,7.658040279741794
bhm_lr,estimates,uncertain,SSP2,rcp45,1.0,1p5,,1525.0302124998361,169,ssp2_rcp45,ramsey_prtp1p0_eta1p5,7.32976950032057
bhm_lr,estimates,uncertain,SSP2,rcp45,2.0,0p7,,1022.8896182352586,169,ssp2_rcp45,ramsey_prtp2p0_eta0p7,6.93038686006671
bhm_lr,estimates,uncertain,SSP2,rcp45,2.0,1p5,,741.302753941695,169,ssp2_rcp45,ramsey_prtp2p0_eta1p5,6.608409116672224
bhm_lr,estimates,uncertain,SSP2,rcp45,,,3.0,913.6250914820763,169,ssp2_rcp45,fixed_dr3p0,6.817420302931432
bhm_lr,estimates,uncertain,SSP2,rcp45,,,5.0,345.5088627563073,169,ssp2_rcp45,fixed_dr5p0,5.845018294850664
bhm_lr,estimates,uncertain,SSP2,rcp60,1.0,0p7,,2052.77787203488,169,ssp2_rcp60,ramsey_prtp1p0_eta0p7,7.6269492143970385
bhm_lr,estimates,uncertain,SSP2,rcp60,1.0,1p5,,1452.6864446222853,169,ssp2_rcp60,ramsey_prtp1p0_eta1p5,7.281169841674213
bhm_lr,estimates,uncertain,SSP2,rcp60,2.0,0p7,,997.0746514402961,169,ssp2_rcp60,ramsey_prtp2p0_eta0p7,6.904825643227267
bhm_lr,estimates,uncertain,SSP2,rcp60,2.0,1p5,,704.786628364531,169,ssp2_rcp60,ramsey_prtp2p0_eta1p5,6.557895102200977
bhm_lr,estimates,uncertain,SSP2,rcp60,,,3.0,904.4812585606871,169,ssp2_rcp60,fixed_dr3p0,6.807361584400327
bhm_lr,estimates,uncertain,SSP2,rcp60,,,5.0,346.135969993932,169,ssp2_rcp60,fixed_dr5p0,5.846831674723616
bhm_lr,estimates,uncertain,SSP2,rcp85,1.0,0p7,,2047.1242430644622,169,ssp2_rcp85,ramsey_prtp1p0_eta0p7,7.624191279014556
bhm_lr,estimates,uncertain,SSP2,rcp85,1.0,1p5,,2151.682514259221,169,ssp2_rcp85,ramsey_prtp1p0_eta1p5,7.674005379849284
bhm_lr,estimates,uncertain,SSP2,rcp85,2.0,0p7,,985.594240698794,169,ssp2_rcp85,ramsey_prtp2p0_eta0p7,6.8932447493153415
bhm_lr,estimates,uncertain,SSP2,rcp85,2.0,1p5,,957.2955403643113,169,ssp2_rcp85,ramsey_prtp2p0_eta1p5,6.864112163385425
bhm_lr,estimates,uncertain,SSP2,rcp85,,,3.0,705.9644507531151,169,ssp2_rcp85,fixed_dr3p0,6.559564883184572
bhm_lr,estimates,uncertain,SSP2,rcp85,,,5.0,301.4944006920232,169,ssp2_rcp85,fixed_dr5p0,5.708751444492377
bhm_lr,estimates,uncertain,SSP3,rcp45,1.0,0p7,,2068.460890499452,169,ssp3_rcp45,ramsey_prtp1p0_eta0p7,7.634560078543343
bhm_lr,estimates,uncertain,SSP3,rcp45,1.0,1p5,,2118.9941431955845,169,ssp3_rcp45,ramsey_prtp1p0_eta1p5,7.658696794317138
bhm_lr,estimates,uncertain,SSP3,rcp45,2.0,0p7,,966.1466100473895,169,ssp3_rcp45,ramsey_prtp2p0_eta0p7,6.873315592931974
bhm_lr,estimates,uncertain,SSP3,rcp45,2.0,1p5,,951.9869882943964,169,ssp3_rcp45,ramsey_prtp2p0_eta1p5,6.858551366939974
bhm_lr,estimates,uncertain,SSP3,rcp45,,,3.0,591.5221903937686,169,ssp3_rcp45,fixed_dr3p0,6.382699198173365
bhm_lr,estimates,uncertain,SSP3,rcp45,,,5.0,248.9325297220242,169,ssp3_rcp45,fixed_dr5p0,5.517181894775276
bhm_lr,estimates,uncertain,SSP3,rcp85,1.0,0p7,,1909.5593170137238,169,ssp3_rcp85,ramsey_prtp1p0_eta0p7,7.554627770343196
bhm_lr,estimates,uncertain,SSP3,rcp85,1.0,1p5,,2938.3838725463474,169,ssp3_rcp85,ramsey_prtp1p0_eta1p5,7.985615005974995
bhm_lr,estimates,uncertain,SSP3,rcp85,2.0,0p7,,906.3947413732444,169,ssp3_rcp85,ramsey_prtp2p0_eta0p7,6.809474908034615
bhm_lr,estimates,uncertain,SSP3,rcp85,2.0,1p5,,1237.7385481901215,169,ssp3_rcp85,ramsey_prtp2p0_eta1p5,7.121041242080065
bhm_lr,estimates,uncertain,SSP3,rcp85,,,3.0,477.8955618833199,169,ssp3_rcp85,fixed_dr3p0,6.169392218835236
bhm_lr,estimates,uncertain,SSP3,rcp85,,,5.0,223.83790833959762,169,ssp3_rcp85,fixed_dr5p0,5.410922166429255
bhm_lr,estimates,uncertain,SSP4,rcp45,1.0,0p7,,1877.8931824767885,169,ssp4_rcp45,ramsey_prtp1p0_eta0p7,7.537905779810206
bhm_lr,estimates,uncertain,SSP4,rcp45,1.0,1p5,,1385.4135535707262,169,ssp4_rcp45,ramsey_prtp1p0_eta1p5,7.233753968686836
bhm_lr,estimates,uncertain,SSP4,rcp45,2.0,0p7,,915.8864849708332,169,ssp4_rcp45,ramsey_prtp2p0_eta0p7,6.819892432290499
bhm_lr,estimates,uncertain,SSP4,rcp45,2.0,1p5,,679.4503075158366,169,ssp4_rcp45,ramsey_prtp2p0_eta1p5,6.521284099961645
bhm_lr,estimates,uncertain,SSP4,rcp45,,,3.0,733.0031223015327,169,ssp4_rcp45,fixed_dr3p0,6.597149961497679
bhm_lr,estimates,uncertain,SSP4,rcp45,,,5.0,301.01250013744186,169,ssp4_rcp45,fixed_dr5p0,5.707151792582404
bhm_lr,estimates,uncertain,SSP4,rcp60,1.0,0p7,,1821.6185203496848,169,ssp4_rcp60,ramsey_prtp1p0_eta0p7,7.507480681776065
bhm_lr,estimates,uncertain,SSP4,rcp60,1.0,1p5,,1322.4755810225693,169,ssp4_rcp60,ramsey_prtp1p0_eta1p5,7.187260699306842
bhm_lr,estimates,uncertain,SSP4,rcp60,2.0,0p7,,891.3489944815661,169,ssp4_rcp60,ramsey_prtp2p0_eta0p7,6.7927360393123815
bhm_lr,estimates,uncertain,SSP4,rcp60,2.0,1p5,,646.6327688635537,169,ssp4_rcp60,ramsey_prtp2p0_eta1p5,6.471778542732161
bhm_lr,estimates,uncertain,SSP4,rcp60,,,3.0,729.0788788110252,169,ssp4_rcp60,fixed_dr3p0,6.5917819275421765
bhm_lr,estimates,uncertain,SSP4,rcp60,,,5.0,302.44719102302054,169,ssp4_rcp60,fixed_dr5p0,5.711906687100374
bhm_lr,estimates,uncertain,SSP5,rcp45,1.0,0p7,,2467.0631466388536,169,ssp5_rcp45,ramsey_prtp1p0_eta0p7,7.810783712731505
bhm_lr,estimates,uncertain,SSP5,rcp45,1.0,1p5,,1242.5522130419765,169,ssp5_rcp45,ramsey_prtp1p0_eta1p5,7.124922779656855
bhm_lr,estimates,uncertain,SSP5,rcp45,2.0,0p7,,1204.3970801634407,169,ssp5_rcp45,ramsey_prtp2p0_eta0p7,7.093734372296637
bhm_lr,estimates,uncertain,SSP5,rcp45,2.0,1p5,,634.2872398608512,169,ssp5_rcp45,ramsey_prtp2p0_eta1p5,6.452501911554092
bhm_lr,estimates,uncertain,SSP5,rcp45,,,3.0,1568.240384642905,169,ssp5_rcp45,fixed_dr3p0,7.357709495692572
bhm_lr,estimates,uncertain,SSP5,rcp45,,,5.0,555.0230213258245,169,ssp5_rcp45,fixed_dr5p0,6.319009592752519
bhm_lr,estimates,uncertain,SSP5,rcp85,1.0,0p7,,2420.15204283631,169,ssp5_rcp85,ramsey_prtp1p0_eta0p7,7.79158564479547
bhm_lr,estimates,uncertain,SSP5,rcp85,1.0,1p5,,1799.8047868761585,169,ssp5_rcp85,ramsey_prtp1p0_eta1p5,7.495433486267474
bhm_lr,estimates,uncertain,SSP5,rcp85,2.0,0p7,,1169.6528551266244,169,ssp5_rcp85,ramsey_prtp2p0_eta0p7,7.06446227874618
bhm_lr,estimates,uncertain,SSP5,rcp85,2.0,1p5,,825.3745533459811,169,ssp5_rcp85,ramsey_prtp2p0_eta1p5,6.715837287361757
bhm_lr,estimates,uncertain,SSP5,rcp85,,,3.0,1185.5026863241912,169,ssp5_rcp85,fixed_dr3p0,7.077922171487027
bhm_lr,estimates,uncertain,SSP5,rcp85,,,5.0,474.2961979942199,169,ssp5_rcp85,fixed_dr5p0,6.161832016815607
bhm_richpoor_lr,bootstrap,expected,SSP1,rcp45,1.0,0p7,,1083.1123681437057,169,ssp1_rcp45,ramsey_prtp1p0_eta0p7,6.9875939979840505
bhm_richpoor_lr,bootstrap,expected,SSP1,rcp45,1.0,1p5,,524.7980925324911,169,ssp1_rcp45,ramsey_prtp1p0_eta1p5,6.263013602967197
bhm_richpoor_lr,bootstrap,expected,SSP1,rcp45,2.0,0p7,,545.2460574765638,169,ssp1_rcp45,ramsey_prtp2p0_eta0p7,6.301237174384462
bhm_richpoor_lr,bootstrap,expected,SSP1,rcp45,2.0,1p5,,278.5632213140886,169,ssp1_rcp45,ramsey_prtp2p0_eta1p5,5.629645040119041
bhm_richpoor_lr,bootstrap,expected,SSP1,rcp45,,,3.0,720.335071821837,169,ssp1_rcp45,fixed_dr3p0,6.579716481285892
bhm_richpoor_lr,bootstrap,expected,SSP1,rcp45,,,5.0,261.21265008941697,169,ssp1_rcp45,fixed_dr5p0,5.565334826893474
bhm_richpoor_lr,bootstrap,expected,SSP1,rcp60,1.0,0p7,,1084.6420644421885,169,ssp1_rcp60,ramsey_prtp1p0_eta0p7,6.989005317024063
bhm_richpoor_lr,bootstrap,expected,SSP1,rcp60,1.0,1p5,,527.5843526712557,169,ssp1_rcp60,ramsey_prtp1p0_eta1p5,6.268308762843198
bhm_richpoor_lr,bootstrap,expected,SSP1,rcp60,2.0,0p7,,546.9789291232493,169,ssp1_rcp60,ramsey_prtp2p0_eta0p7,6.304410280881589
bhm_richpoor_lr,bootstrap,expected,SSP1,rcp60,2.0,1p5,,279.260541509007,169,ssp1_rcp60,ramsey_prtp2p0_eta1p5,5.632145186597634
bhm_richpoor_lr,bootstrap,expected,SSP1,rcp60,,,3.0,728.5972724788196,169,ssp1_rcp60,fixed_dr3p0,6.591121141057739
bhm_richpoor_lr,bootstrap,expected,SSP1,rcp60,,,5.0,264.2966077383388,169,ssp1_rcp60,fixed_dr5p0,5.57707198663699
bhm_richpoor_lr,bootstrap,expected,SSP1,rcp85,1.0,0p7,,1067.5873896842197,169,ssp1_rcp85,ramsey_prtp1p0_eta0p7,6.973156605624921
bhm_richpoor_lr,bootstrap,expected,SSP1,rcp85,1.0,1p5,,617.1824077526145,169,ssp1_rcp85,ramsey_prtp1p0_eta1p5,6.425164616765563
bhm_richpoor_lr,bootstrap,expected,SSP1,rcp85,2.0,0p7,,533.1280646228599,169,ssp1_rcp85,ramsey_prtp2p0_eta0p7,6.278761666642758
bhm_richpoor_lr,bootstrap,expected,SSP1,rcp85,2.0,1p5,,309.2615771395489,169,ssp1_rcp85,ramsey_prtp2p0_eta1p5,5.734187446754739
bhm_richpoor_lr,bootstrap,expected,SSP1,rcp85,,,3.0,605.460352684226,169,ssp1_rcp85,fixed_dr3p0,6.405989082210559
bhm_richpoor_lr,bootstrap,expected,SSP1,rcp85,,,5.0,236.23719406694372,169,ssp1_rcp85,fixed_dr5p0,5.464836359897062
bhm_richpoor_lr,bootstrap,expected,SSP2,rcp45,1.0,0p7,,1172.2120278119344,169,ssp2_rcp45,ramsey_prtp1p0_eta0p7,7.066647864876851
bhm_richpoor_lr,bootstrap,expected,SSP2,rcp45,1.0,1p5,,627.432762721065,169,ssp2_rcp45,ramsey_prtp1p0_eta1p5,6.441636514222728
bhm_richpoor_lr,bootstrap,expected,SSP2,rcp45,2.0,0p7,,574.5994909447766,169,ssp2_rcp45,ramsey_prtp2p0_eta0p7,6.353673260615066
bhm_richpoor_lr,bootstrap,expected,SSP2,rcp45,2.0,1p5,,324.38890923469654,169,ssp2_rcp45,ramsey_prtp2p0_eta1p5,5.7819431331077915
bhm_richpoor_lr,bootstrap,expected,SSP2,rcp45,,,3.0,628.7157146782815,169,ssp2_rcp45,fixed_dr3p0,6.443679190588453
bhm_richpoor_lr,bootstrap,expected,SSP2,rcp45,,,5.0,223.1400080865353,169,ssp2_rcp45,fixed_dr5p0,5.4077994134047715
bhm_richpoor_lr,bootstrap,expected,SSP2,rcp60,1.0,0p7,,1171.465708514083,169,ssp2_rcp60,ramsey_prtp1p0_eta0p7,7.066010986084592
bhm_richpoor_lr,bootstrap,expected,SSP2,rcp60,1.0,1p5,,630.2543424573532,169,ssp2_rcp60,ramsey_prtp1p0_eta1p5,6.446123456099594
bhm_richpoor_lr,bootstrap,expected,SSP2,rcp60,2.0,0p7,,576.3094587303951,169,ssp2_rcp60,ramsey_prtp2p0_eta0p7,6.356644771166503
bhm_richpoor_lr,bootstrap,expected,SSP2,rcp60,2.0,1p5,,324.7513275893796,169,ssp2_rcp60,ramsey_prtp2p0_eta1p5,5.783059743577394
bhm_richpoor_lr,bootstrap,expected,SSP2,rcp60,,,3.0,633.5133200555763,169,ssp2_rcp60,fixed_dr3p0,6.451281025673654
bhm_richpoor_lr,bootstrap,expected,SSP2,rcp60,,,5.0,225.913776263749,169,ssp2_rcp60,fixed_dr5p0,5.4201534055177865
bhm_richpoor_lr,bootstrap,expected,SSP2,rcp85,1.0,0p7,,1151.1414712393655,169,ssp2_rcp85,ramsey_prtp1p0_eta0p7,7.0485093127582426
bhm_richpoor_lr,bootstrap,expected,SSP2,rcp85,1.0,1p5,,740.3403574847525,169,ssp2_rcp85,ramsey_prtp1p0_eta1p5,6.607110023004027
bhm_richpoor_lr,bootstrap,expected,SSP2,rcp85,2.0,0p7,,559.1955205622527,169,ssp2_rcp85,ramsey_prtp2p0_eta0p7,6.326499180448055
bhm_richpoor_lr,bootstrap,expected,SSP2,rcp85,2.0,1p5,,361.6552742445427,169,ssp2_rcp85,ramsey_prtp2p0_eta1p5,5.890691477025647
bhm_richpoor_lr,bootstrap,expected,SSP2,rcp85,,,3.0,522.8709117344763,169,ssp2_rcp85,fixed_dr3p0,6.259334610911765
bhm_richpoor_lr,bootstrap,expected,SSP2,rcp85,,,5.0,201.00352917300492,169,ssp2_rcp85,fixed_dr5p0,5.303322465979586
bhm_richpoor_lr,bootstrap,expected,SSP3,rcp45,1.0,0p7,,1183.480266676519,169,ssp3_rcp45,ramsey_prtp1p0_eta0p7,7.076214755115427
bhm_richpoor_lr,bootstrap,expected,SSP3,rcp45,1.0,1p5,,875.3880020717739,169,ssp3_rcp45,ramsey_prtp1p0_eta1p5,6.7746672190103405
bhm_richpoor_lr,bootstrap,expected,SSP3,rcp45,2.0,0p7,,555.3067962489221,169,ssp3_rcp45,ramsey_prtp2p0_eta0p7,6.3195207470506105
bhm_richpoor_lr,bootstrap,expected,SSP3,rcp45,2.0,1p5,,419.5940623377923,169,ssp3_rcp45,ramsey_prtp2p0_eta1p5,6.039287725654127
bhm_richpoor_lr,bootstrap,expected,SSP3,rcp45,,,3.0,401.2556965781982,169,ssp3_rcp45,fixed_dr3p0,5.99459887142307
bhm_richpoor_lr,bootstrap,expected,SSP3,rcp45,,,5.0,158.48880740043182,169,ssp3_rcp45,fixed_dr5p0,5.065683975053778
bhm_richpoor_lr,bootstrap,expected,SSP3,rcp60,1.0,0p7,,1177.7532634228746,169,ssp3_rcp60,ramsey_prtp1p0_eta0p7,7.071363888472406
bhm_richpoor_lr,bootstrap,expected,SSP3,rcp60,1.0,1p5,,878.2579160190566,169,ssp3_rcp60,ramsey_prtp1p0_eta1p5,6.777940304505893
bhm_richpoor_lr,bootstrap,expected,SSP3,rcp60,2.0,0p7,,557.4661628690952,169,ssp3_rcp60,ramsey_prtp2p0_eta0p7,6.323401807087084
bhm_richpoor_lr,bootstrap,expected,SSP3,rcp60,2.0,1p5,,419.49936545890006,169,ssp3_rcp60,ramsey_prtp2p0_eta1p5,6.039062013293244
bhm_richpoor_lr,bootstrap,expected,SSP3,rcp60,,,3.0,404.6097188193902,169,ssp3_rcp60,fixed_dr3p0,6.00292294525432
bhm_richpoor_lr,bootstrap,expected,SSP3,rcp60,,,5.0,160.2557261533915,169,ssp3_rcp60,fixed_dr5p0,5.076770827788852
bhm_richpoor_lr,bootstrap,expected,SSP3,rcp85,1.0,0p7,,1149.3480274431226,169,ssp3_rcp85,ramsey_prtp1p0_eta0p7,7.046950127932057
bhm_richpoor_lr,bootstrap,expected,SSP3,rcp85,1.0,1p5,,1085.9387858804673,169,ssp3_rcp85,ramsey_prtp1p0_eta1p5,6.990200132312653
bhm_richpoor_lr,bootstrap,expected,SSP3,rcp85,2.0,0p7,,537.1720677813366,169,ssp3_rcp85,ramsey_prtp2p0_eta0p7,6.286318467357814
bhm_richpoor_lr,bootstrap,expected,SSP3,rcp85,2.0,1p5,,490.1658400277325,169,ssp3_rcp85,ramsey_prtp2p0_eta1p5,6.194743782879906
bhm_richpoor_lr,bootstrap,expected,SSP3,rcp85,,,3.0,342.2508124785097,169,ssp3_rcp85,fixed_dr3p0,5.835543838098567
bhm_richpoor_lr,bootstrap,expected,SSP3,rcp85,,,5.0,145.2583960134763,169,ssp3_rcp85,fixed_dr5p0,4.978514197940796
bhm_richpoor_lr,bootstrap,expected,SSP4,rcp45,1.0,0p7,,1060.8972444681713,169,ssp4_rcp45,ramsey_prtp1p0_eta0p7,6.966870286108824
bhm_richpoor_lr,bootstrap,expected,SSP4,rcp45,1.0,1p5,,609.8505262105339,169,ssp4_rcp45,ramsey_prtp1p0_eta1p5,6.4132138881412715
bhm_richpoor_lr,bootstrap,expected,SSP4,rcp45,2.0,0p7,,522.9907138282568,169,ssp4_rcp45,ramsey_prtp2p0_eta0p7,6.259563708320783
bhm_richpoor_lr,bootstrap,expected,SSP4,rcp45,2.0,1p5,,315.4830915883746,169,ssp4_rcp45,ramsey_prtp2p0_eta1p5,5.754105088115268
bhm_richpoor_lr,bootstrap,expected,SSP4,rcp45,,,3.0,496.46432010109004,169,ssp4_rcp45,fixed_dr3p0,6.207511618065286
bhm_richpoor_lr,bootstrap,expected,SSP4,rcp45,,,5.0,191.62804212211637,169,ssp4_rcp45,fixed_dr5p0,5.255556212458615
bhm_richpoor_lr,bootstrap,expected,SSP4,rcp60,1.0,0p7,,1060.4874067769565,169,ssp4_rcp60,ramsey_prtp1p0_eta0p7,6.9664838991364535
bhm_richpoor_lr,bootstrap,expected,SSP4,rcp60,1.0,1p5,,611.4935878989535,169,ssp4_rcp60,ramsey_prtp1p0_eta1p5,6.415904469216082
bhm_richpoor_lr,bootstrap,expected,SSP4,rcp60,2.0,0p7,,524.6248104432672,169,ssp4_rcp60,ramsey_prtp2p0_eta0p7,6.262683360335162
bhm_richpoor_lr,bootstrap,expected,SSP4,rcp60,2.0,1p5,,316.0246895426977,169,ssp4_rcp60,ramsey_prtp2p0_eta1p5,5.7558203419990415
bhm_richpoor_lr,bootstrap,expected,SSP4,rcp60,,,3.0,501.52121337541286,169,ssp4_rcp60,fixed_dr3p0,6.217645906358649
bhm_richpoor_lr,bootstrap,expected,SSP4,rcp60,,,5.0,193.53280583987234,169,ssp4_rcp60,fixed_dr5p0,5.265447037323833
bhm_richpoor_lr,bootstrap,expected,SSP4,rcp85,1.0,0p7,,1030.9589426921566,169,ssp4_rcp85,ramsey_prtp1p0_eta0p7,6.938244660422999
bhm_richpoor_lr,bootstrap,expected,SSP4,rcp85,1.0,1p5,,759.3895857181463,169,ssp4_rcp85,ramsey_prtp1p0_eta1p5,6.63251493387452
bhm_richpoor_lr,bootstrap,expected,SSP4,rcp85,2.0,0p7,,506.1692285259294,169,ssp4_rcp85,ramsey_prtp2p0_eta0p7,6.2268710571007615
bhm_richpoor_lr,bootstrap,expected,SSP4,rcp85,2.0,1p5,,368.431763147364,169,ssp4_rcp85,ramsey_prtp2p0_eta1p5,5.909255519848433
bhm_richpoor_lr,bootstrap,expected,SSP4,rcp85,,,3.0,428.759303279391,169,ssp4_rcp85,fixed_dr3p0,6.060895696855563
bhm_richpoor_lr,bootstrap,expected,SSP4,rcp85,,,5.0,175.63247821101828,169,ssp4_rcp85,fixed_dr5p0,5.168393619742442
bhm_richpoor_lr,bootstrap,expected,SSP5,rcp45,1.0,0p7,,1336.7550902427972,169,ssp5_rcp45,ramsey_prtp1p0_eta0p7,7.198000381745882
bhm_richpoor_lr,bootstrap,expected,SSP5,rcp45,1.0,1p5,,501.16859949150114,169,ssp5_rcp45,ramsey_prtp1p0_eta1p5,6.216942570403854
bhm_richpoor_lr,bootstrap,expected,SSP5,rcp45,2.0,0p7,,665.1487197288918,169,ssp5_rcp45,ramsey_prtp2p0_eta0p7,6.500010654342513
bhm_richpoor_lr,bootstrap,expected,SSP5,rcp45,2.0,1p5,,274.8391092557596,169,ssp5_rcp45,ramsey_prtp2p0_eta1p5,5.6161858692020115
bhm_richpoor_lr,bootstrap,expected,SSP5,rcp45,,,3.0,1086.4102678568102,169,ssp5_rcp45,fixed_dr3p0,6.990634208027083
bhm_richpoor_lr,bootstrap,expected,SSP5,rcp45,,,5.0,362.7577145833922,169,ssp5_rcp45,fixed_dr5p0,5.89373515848066
bhm_richpoor_lr,bootstrap,expected,SSP5,rcp60,1.0,0p7,,1338.1604060878174,169,ssp5_rcp60,ramsey_prtp1p0_eta0p7,7.199051118471019
bhm_richpoor_lr,bootstrap,expected,SSP5,rcp60,1.0,1p5,,502.4524366542086,169,ssp5_rcp60,ramsey_prtp1p0_eta1p5,6.219500982028852
bhm_richpoor_lr,bootstrap,expected,SSP5,rcp60,2.0,0p7,,667.792729927703,169,ssp5_rcp60,ramsey_prtp2p0_eta0p7,6.503977840849071
bhm_richpoor_lr,bootstrap,expected,SSP5,rcp60,2.0,1p5,,275.13759112349663,169,ssp5_rcp60,ramsey_prtp2p0_eta1p5,5.617271303900741
bhm_richpoor_lr,bootstrap,expected,SSP5,rcp60,,,3.0,1092.5844488615721,169,ssp5_rcp60,fixed_dr3p0,6.99630122271148
bhm_richpoor_lr,bootstrap,expected,SSP5,rcp60,,,5.0,367.0930303098255,169,ssp5_rcp60,fixed_dr5p0,5.905615304514399
bhm_richpoor_lr,bootstrap,expected,SSP5,rcp85,1.0,0p7,,1319.4385887565827,169,ssp5_rcp85,ramsey_prtp1p0_eta0p7,7.1849616135617635
bhm_richpoor_lr,bootstrap,expected,SSP5,rcp85,1.0,1p5,,574.773242175097,169,ssp5_rcp85,ramsey_prtp1p0_eta1p5,6.3539756015818165
bhm_richpoor_lr,bootstrap,expected,SSP5,rcp85,2.0,0p7,,650.0648409264197,169,ssp5_rcp85,ramsey_prtp2p0_eta0p7,6.477072113185872
bhm_richpoor_lr,bootstrap,expected,SSP5,rcp85,2.0,1p5,,303.2622327939148,169,ssp5_rcp85,ramsey_prtp2p0_eta1p5,5.714597885984728
bhm_richpoor_lr,bootstrap,expected,SSP5,rcp85,,,3.0,888.1812799478749,169,ssp5_rcp85,fixed_dr3p0,6.789175866243046
bhm_richpoor_lr,bootstrap,expected,SSP5,rcp85,,,5.0,323.04513108240553,169,ssp5_rcp85,fixed_dr5p0,5.777792038175398
bhm_richpoor_lr,bootstrap,uncertain,SSP1,rcp45,1.0,0p7,,1050.275773435917,169,ssp1_rcp45,ramsey_prtp1p0_eta0p7,6.956808050034903
bhm_richpoor_lr,bootstrap,uncertain,SSP1,rcp45,1.0,1p5,,500.3262956047469,169,ssp1_rcp45,ramsey_prtp1p0_eta1p5,6.2152604767866375
bhm_richpoor_lr,bootstrap,uncertain,SSP1,rcp45,2.0,0p7,,525.8312886428935,169,ssp1_rcp45,ramsey_prtp2p0_eta0p7,6.264980417263426
bhm_richpoor_lr,bootstrap,uncertain,SSP1,rcp45,2.0,1p5,,267.8978773713853,169,ssp1_rcp45,ramsey_prtp2p0_eta1p5,5.590605853306727
bhm_richpoor_lr,bootstrap,uncertain,SSP1,rcp45,,,3.0,689.3595627207294,169,ssp1_rcp45,fixed_dr3p0,6.535762996604876
bhm_richpoor_lr,bootstrap,uncertain,SSP1,rcp45,,,5.0,251.3423785829563,169,ssp1_rcp45,fixed_dr5p0,5.526816067749111
bhm_richpoor_lr,bootstrap,uncertain,SSP1,rcp60,1.0,0p7,,1025.1692445849287,169,ssp1_rcp60,ramsey_prtp1p0_eta0p7,6.932612994610475
bhm_richpoor_lr,bootstrap,uncertain,SSP1,rcp60,1.0,1p5,,489.9642202133093,169,ssp1_rcp60,ramsey_prtp1p0_eta1p5,6.194332368465746
bhm_richpoor_lr,bootstrap,uncertain,SSP1,rcp60,2.0,0p7,,515.0344829980161,169,ssp1_rcp60,ramsey_prtp2p0_eta0p7,6.244233855699899
bhm_richpoor_lr,bootstrap,uncertain,SSP1,rcp60,2.0,1p5,,259.91843526581397,169,ssp1_rcp60,ramsey_prtp2p0_eta1p5,5.56036787128199
bhm_richpoor_lr,bootstrap,uncertain,SSP1,rcp60,,,3.0,685.7680397324809,169,ssp1_rcp60,fixed_dr3p0,6.530539436044768
bhm_richpoor_lr,bootstrap,uncertain,SSP1,rcp60,,,5.0,249.59839879585698,169,ssp1_rcp60,fixed_dr5p0,5.519853221393995
bhm_richpoor_lr,bootstrap,uncertain,SSP1,rcp85,1.0,0p7,,1042.7203400243334,169,ssp1_rcp85,ramsey_prtp1p0_eta0p7,6.9495882886776315
bhm_richpoor_lr,bootstrap,uncertain,SSP1,rcp85,1.0,1p5,,598.0442216773337,169,ssp1_rcp85,ramsey_prtp1p0_eta1p5,6.393664700509718
bhm_richpoor_lr,bootstrap,uncertain,SSP1,rcp85,2.0,0p7,,521.5586241437327,169,ssp1_rcp85,ramsey_prtp2p0_eta0p7,6.256821682588246
bhm_richpoor_lr,bootstrap,uncertain,SSP1,rcp85,2.0,1p5,,303.99954210343105,169,ssp1_rcp85,ramsey_prtp2p0_eta1p5,5.7170261951663734
bhm_richpoor_lr,bootstrap,uncertain,SSP1,rcp85,,,3.0,583.1518929991283,169,ssp1_rcp85,fixed_dr3p0,6.368447689293375
bhm_richpoor_lr,bootstrap,uncertain,SSP1,rcp85,,,5.0,231.69596626834357,169,ssp1_rcp85,fixed_dr5p0,5.445426022000397
bhm_richpoor_lr,bootstrap,uncertain,SSP2,rcp45,1.0,0p7,,1126.7852591250346,169,ssp2_rcp45,ramsey_prtp1p0_eta0p7,7.027123953847987
bhm_richpoor_lr,bootstrap,uncertain,SSP2,rcp45,1.0,1p5,,590.9413702404077,169,ssp2_rcp45,ramsey_prtp1p0_eta1p5,6.381716808154072
bhm_richpoor_lr,bootstrap,uncertain,SSP2,rcp45,2.0,0p7,,554.5028132654435,169,ssp2_rcp45,ramsey_prtp2p0_eta0p7,6.318071880295033
bhm_richpoor_lr,bootstrap,uncertain,SSP2,rcp45,2.0,1p5,,308.0344911769097,169,ssp2_rcp45,ramsey_prtp2p0_eta1p5,5.730211761044412
bhm_richpoor_lr,bootstrap,uncertain,SSP2,rcp45,,,3.0,599.5582918877788,169,ssp2_rcp45,fixed_dr3p0,6.39619320391541
bhm_richpoor_lr,bootstrap,uncertain,SSP2,rcp45,,,5.0,215.31867398909034,169,ssp2_rcp45,fixed_dr5p0,5.372119135347073
bhm_richpoor_lr,bootstrap,uncertain,SSP2,rcp60,1.0,0p7,,1106.9867616313345,169,ssp2_rcp60,ramsey_prtp1p0_eta0p7,7.009396973857847
bhm_richpoor_lr,bootstrap,uncertain,SSP2,rcp60,1.0,1p5,,583.1610032634206,169,ssp2_rcp60,ramsey_prtp1p0_eta1p5,6.368463311626493
bhm_richpoor_lr,bootstrap,uncertain,SSP2,rcp60,2.0,0p7,,544.998894233082,169,ssp2_rcp60,ramsey_prtp2p0_eta0p7,6.300783765731061
bhm_richpoor_lr,bootstrap,uncertain,SSP2,rcp60,2.0,1p5,,304.7452636289181,169,ssp2_rcp60,ramsey_prtp2p0_eta1p5,5.719476226415891
bhm_richpoor_lr,bootstrap,uncertain,SSP2,rcp60,,,3.0,597.8776329831703,169,ssp2_rcp60,fixed_dr3p0,6.393386105893202
bhm_richpoor_lr,bootstrap,uncertain,SSP2,rcp60,,,5.0,215.02633632219224,169,ssp2_rcp60,fixed_dr5p0,5.370760515147646
bhm_richpoor_lr,bootstrap,uncertain,SSP2,rcp85,1.0,0p7,,1138.0444599188627,169,ssp2_rcp85,ramsey_prtp1p0_eta0p7,7.037066682393125
bhm_richpoor_lr,bootstrap,uncertain,SSP2,rcp85,1.0,1p5,,714.6515904744152,169,ssp2_rcp85,ramsey_prtp1p0_eta1p5,6.571795137881809
bhm_richpoor_lr,bootstrap,uncertain,SSP2,rcp85,2.0,0p7,,548.3213318659866,169,ssp2_rcp85,ramsey_prtp2p0_eta0p7,6.3068614871173425
bhm_richpoor_lr,bootstrap,uncertain,SSP2,rcp85,2.0,1p5,,355.05889742824786,169,ssp2_rcp85,ramsey_prtp2p0_eta1p5,5.87228368396275
bhm_richpoor_lr,bootstrap,uncertain,SSP2,rcp85,,,3.0,504.9716626418339,169,ssp2_rcp85,fixed_dr3p0,6.224502314120407
bhm_richpoor_lr,bootstrap,uncertain,SSP2,rcp85,,,5.0,196.87868424053772,169,ssp2_rcp85,fixed_dr5p0,5.2825877230075315
bhm_richpoor_lr,bootstrap,uncertain,SSP3,rcp45,1.0,0p7,,1136.4859735611801,169,ssp3_rcp45,ramsey_prtp1p0_eta0p7,7.03569630143129
bhm_richpoor_lr,bootstrap,uncertain,SSP3,rcp45,1.0,1p5,,824.6342312717015,169,ssp3_rcp45,ramsey_prtp1p0_eta1p5,6.714939931989035
bhm_richpoor_lr,bootstrap,uncertain,SSP3,rcp45,2.0,0p7,,534.4219919692534,169,ssp3_rcp45,ramsey_prtp2p0_eta0p7,6.281185774012766
bhm_richpoor_lr,bootstrap,uncertain,SSP3,rcp45,2.0,1p5,,397.98984296966034,169,ssp3_rcp45,ramsey_prtp2p0_eta1p5,5.98642648478206
bhm_richpoor_lr,bootstrap,uncertain,SSP3,rcp45,,,3.0,384.4466809485441,169,ssp3_rcp45,fixed_dr3p0,5.951805108194842
bhm_richpoor_lr,bootstrap,uncertain,SSP3,rcp45,,,5.0,152.14564569135385,169,ssp3_rcp45,fixed_dr5p0,5.024838257408019
bhm_richpoor_lr,bootstrap,uncertain,SSP3,rcp60,1.0,0p7,,1110.8937092058536,169,ssp3_rcp60,ramsey_prtp1p0_eta0p7,7.012920113780981
bhm_richpoor_lr,bootstrap,uncertain,SSP3,rcp60,1.0,1p5,,805.641300352247,169,ssp3_rcp60,ramsey_prtp1p0_eta1p5,6.691638606664555
bhm_richpoor_lr,bootstrap,uncertain,SSP3,rcp60,2.0,0p7,,521.4444187070584,169,ssp3_rcp60,ramsey_prtp2p0_eta0p7,6.256602689100329
bhm_richpoor_lr,bootstrap,uncertain,SSP3,rcp60,2.0,1p5,,387.8313828928533,169,ssp3_rcp60,ramsey_prtp2p0_eta1p5,5.9605706649928845
bhm_richpoor_lr,bootstrap,uncertain,SSP3,rcp60,,,3.0,382.7074053619353,169,ssp3_rcp60,fixed_dr3p0,5.947270742549995
bhm_richpoor_lr,bootstrap,uncertain,SSP3,rcp60,,,5.0,151.95669241770082,169,ssp3_rcp60,fixed_dr5p0,5.023595561944745
bhm_richpoor_lr,bootstrap,uncertain,SSP3,rcp85,1.0,0p7,,1120.7676929140728,169,ssp3_rcp85,ramsey_prtp1p0_eta0p7,7.021769169584216
bhm_richpoor_lr,bootstrap,uncertain,SSP3,rcp85,1.0,1p5,,1035.3475434960376,169,ssp3_rcp85,ramsey_prtp1p0_eta1p5,6.942492440151778
bhm_richpoor_lr,bootstrap,uncertain,SSP3,rcp85,2.0,0p7,,528.067201205943,169,ssp3_rcp85,ramsey_prtp2p0_eta0p7,6.26922355061874
bhm_richpoor_lr,bootstrap,uncertain,SSP3,rcp85,2.0,1p5,,470.90267076718413,169,ssp3_rcp85,ramsey_prtp2p0_eta1p5,6.1546514288562415
bhm_richpoor_lr,bootstrap,uncertain,SSP3,rcp85,,,3.0,333.0553576613116,169,ssp3_rcp85,fixed_dr3p0,5.808308715387393
bhm_richpoor_lr,bootstrap,uncertain,SSP3,rcp85,,,5.0,141.7388316001679,169,ssp3_rcp85,fixed_dr5p0,4.953986150087007
bhm_richpoor_lr,bootstrap,uncertain,SSP4,rcp45,1.0,0p7,,1021.0283561403287,169,ssp4_rcp45,ramsey_prtp1p0_eta0p7,6.92856559068824
bhm_richpoor_lr,bootstrap,uncertain,SSP4,rcp45,1.0,1p5,,574.0903270212193,169,ssp4_rcp45,ramsey_prtp1p0_eta1p5,6.352786748087594
bhm_richpoor_lr,bootstrap,uncertain,SSP4,rcp45,2.0,0p7,,504.9609391756716,169,ssp4_rcp45,ramsey_prtp2p0_eta0p7,6.224481078116849
bhm_richpoor_lr,bootstrap,uncertain,SSP4,rcp45,2.0,1p5,,301.98071949787004,169,ssp4_rcp45,ramsey_prtp2p0_eta1p5,5.710363172614552
bhm_richpoor_lr,bootstrap,uncertain,SSP4,rcp45,,,3.0,477.54418452969304,169,ssp4_rcp45,fixed_dr3p0,6.168656688686344
bhm_richpoor_lr,bootstrap,uncertain,SSP4,rcp45,,,5.0,184.85434354025458,169,ssp4_rcp45,fixed_dr5p0,5.219568182754693
bhm_richpoor_lr,bootstrap,uncertain,SSP4,rcp60,1.0,0p7,,996.0245369005337,169,ssp4_rcp60,ramsey_prtp1p0_eta0p7,6.903771892723453
bhm_richpoor_lr,bootstrap,uncertain,SSP4,rcp60,1.0,1p5,,562.9702815376496,169,ssp4_rcp60,ramsey_prtp1p0_eta1p5,6.3332268408453105
bhm_richpoor_lr,bootstrap,uncertain,SSP4,rcp60,2.0,0p7,,493.51919395284705,169,ssp4_rcp60,ramsey_prtp2p0_eta0p7,6.2015617516386765
bhm_richpoor_lr,bootstrap,uncertain,SSP4,rcp60,2.0,1p5,,291.59376507225386,169,ssp4_rcp60,ramsey_prtp2p0_eta1p5,5.675361618123516
bhm_richpoor_lr,bootstrap,uncertain,SSP4,rcp60,,,3.0,474.6248576065614,169,ssp4_rcp60,fixed_dr3p0,6.16252471853941
bhm_richpoor_lr,bootstrap,uncertain,SSP4,rcp60,,,5.0,183.83486926981018,169,ssp4_rcp60,fixed_dr5p0,5.214037905039376
bhm_richpoor_lr,bootstrap,uncertain,SSP4,rcp85,1.0,0p7,,1013.4695777834825,169,ssp4_rcp85,ramsey_prtp1p0_eta0p7,6.921134948454346
bhm_richpoor_lr,bootstrap,uncertain,SSP4,rcp85,1.0,1p5,,729.0926784329488,169,ssp4_rcp85,ramsey_prtp1p0_eta1p5,6.5918008548376035
bhm_richpoor_lr,bootstrap,uncertain,SSP4,rcp85,2.0,0p7,,497.9838599291181,169,ssp4_rcp85,ramsey_prtp2p0_eta0p7,6.210567666718557
bhm_richpoor_lr,bootstrap,uncertain,SSP4,rcp85,2.0,1p5,,355.2134001552926,169,ssp4_rcp85,ramsey_prtp2p0_eta1p5,5.872718736068843
bhm_richpoor_lr,bootstrap,uncertain,SSP4,rcp85,,,3.0,415.0472748633066,169,ssp4_rcp85,fixed_dr3p0,6.028392429076108
bhm_richpoor_lr,bootstrap,uncertain,SSP4,rcp85,,,5.0,172.16658700791032,169,ssp4_rcp85,fixed_dr5p0,5.148462537207509
bhm_richpoor_lr,bootstrap,uncertain,SSP5,rcp45,1.0,0p7,,1283.1814407093639,169,ssp5_rcp45,ramsey_prtp1p0_eta0p7,7.157097773720065
bhm_richpoor_lr,bootstrap,uncertain,SSP5,rcp45,1.0,1p5,,474.0558310192082,169,ssp5_rcp45,ramsey_prtp1p0_eta1p5,6.161325101719092
bhm_richpoor_lr,bootstrap,uncertain,SSP5,rcp45,2.0,0p7,,643.432323366347,169,ssp5_rcp45,ramsey_prtp2p0_eta0p7,6.466816851911606
bhm_richpoor_lr,bootstrap,uncertain,SSP5,rcp45,2.0,1p5,,261.513416266622,169,ssp5_rcp45,ramsey_prtp2p0_eta1p5,5.566485587223803
bhm_richpoor_lr,bootstrap,uncertain,SSP5,rcp45,,,3.0,1028.4305732103576,169,ssp5_rcp45,fixed_dr3p0,6.935789203859172
bhm_richpoor_lr,bootstrap,uncertain,SSP5,rcp45,,,5.0,349.68701765970593,169,ssp5_rcp45,fixed_dr5p0,5.857038519158608
bhm_richpoor_lr,bootstrap,uncertain,SSP5,rcp60,1.0,0p7,,1262.3617543411574,169,ssp5_rcp60,ramsey_prtp1p0_eta0p7,7.140739653641832
bhm_richpoor_lr,bootstrap,uncertain,SSP5,rcp60,1.0,1p5,,466.8314098752903,169,ssp5_rcp60,ramsey_prtp1p0_eta1p5,6.145968185799267
bhm_richpoor_lr,bootstrap,uncertain,SSP5,rcp60,2.0,0p7,,629.6487734059714,169,ssp5_rcp60,ramsey_prtp2p0_eta0p7,6.445162161393055
bhm_richpoor_lr,bootstrap,uncertain,SSP5,rcp60,2.0,1p5,,257.32132783333253,169,ssp5_rcp60,ramsey_prtp2p0_eta1p5,5.550325606770945
bhm_richpoor_lr,bootstrap,uncertain,SSP5,rcp60,,,3.0,1029.4087796507852,169,ssp5_rcp60,fixed_dr3p0,6.9367399160833765
bhm_richpoor_lr,bootstrap,uncertain,SSP5,rcp60,,,5.0,347.8792619845039,169,ssp5_rcp60,fixed_dr5p0,5.85185547125359
bhm_richpoor_lr,bootstrap,uncertain,SSP5,rcp85,1.0,0p7,,1301.073874323506,169,ssp5_rcp85,ramsey_prtp1p0_eta0p7,7.170945259624106
bhm_richpoor_lr,bootstrap,uncertain,SSP5,rcp85,1.0,1p5,,560.3422400200485,169,ssp5_rcp85,ramsey_prtp1p0_eta1p5,6.3285477399503725
bhm_richpoor_lr,bootstrap,uncertain,SSP5,rcp85,2.0,0p7,,638.6261370881516,169,ssp5_rcp85,ramsey_prtp2p0_eta0p7,6.4593192081749615
bhm_richpoor_lr,bootstrap,uncertain,SSP5,rcp85,2.0,1p5,,296.5981763532019,169,ssp5_rcp85,ramsey_prtp2p0_eta1p5,5.692378281179204
bhm_richpoor_lr,bootstrap,uncertain,SSP5,rcp85,,,3.0,846.8922475895276,169,ssp5_rcp85,fixed_dr3p0,6.7415734700180545
bhm_richpoor_lr,bootstrap,uncertain,SSP5,rcp85,,,5.0,315.75143000896907,169,ssp5_rcp85,fixed_dr5p0,5.754955290148196
bhm_richpoor_lr,estimates,expected,SSP1,rcp45,1.0,0p7,,1070.5487939941963,169,ssp1_rcp45,ramsey_prtp1p0_eta0p7,6.975926687555381
bhm_richpoor_lr,estimates,expected,SSP1,rcp45,1.0,1p5,,522.7398938536444,169,ssp1_rcp45,ramsey_prtp1p0_eta1p5,6.259084005465039
bhm_richpoor_lr,estimates,expected,SSP1,rcp45,2.0,0p7,,538.3486501877346,169,ssp1_rcp45,ramsey_prtp2p0_eta0p7,6.288506398945003
bhm_richpoor_lr,estimates,expected,SSP1,rcp45,2.0,1p5,,277.44749211940916,169,ssp1_rcp45,ramsey_prtp2p0_eta1p5,5.625631697694868
bhm_richpoor_lr,estimates,expected,SSP1,rcp45,,,3.0,722.7399497751317,169,ssp1_rcp45,fixed_dr3p0,6.583049475265538
bhm_richpoor_lr,estimates,expected,SSP1,rcp45,,,5.0,258.1787291003842,169,ssp1_rcp45,fixed_dr5p0,5.55365209353327
bhm_richpoor_lr,estimates,expected,SSP1,rcp60,1.0,0p7,,1072.5757836131763,169,ssp1_rcp60,ramsey_prtp1p0_eta0p7,6.977818309017408
bhm_richpoor_lr,estimates,expected,SSP1,rcp60,1.0,1p5,,525.454895228642,169,ssp1_rcp60,ramsey_prtp1p0_eta1p5,6.264264354527876
bhm_richpoor_lr,estimates,expected,SSP1,rcp60,2.0,0p7,,539.3212450417294,169,ssp1_rcp60,ramsey_prtp2p0_eta0p7,6.290311395303092
bhm_richpoor_lr,estimates,expected,SSP1,rcp60,2.0,1p5,,277.4209154699723,169,ssp1_rcp60,ramsey_prtp2p0_eta1p5,5.625535903271925
bhm_richpoor_lr,estimates,expected,SSP1,rcp60,,,3.0,726.7501802204243,169,ssp1_rcp60,fixed_dr3p0,6.5885827874202745
bhm_richpoor_lr,estimates,expected,SSP1,rcp60,,,5.0,260.83960675053197,169,ssp1_rcp60,fixed_dr5p0,5.563905684896707
bhm_richpoor_lr,estimates,expected,SSP1,rcp85,1.0,0p7,,1061.2569705878766,169,ssp1_rcp85,ramsey_prtp1p0_eta0p7,6.967209305884671
bhm_richpoor_lr,estimates,expected,SSP1,rcp85,1.0,1p5,,627.8512172173063,169,ssp1_rcp85,ramsey_prtp1p0_eta1p5,6.442303223140279
bhm_richpoor_lr,estimates,expected,SSP1,rcp85,2.0,0p7,,528.779621162157,169,ssp1_rcp85,ramsey_prtp2p0_eta0p7,6.270571749901826
bhm_richpoor_lr,estimates,expected,SSP1,rcp85,2.0,1p5,,313.48295170724776,169,ssp1_rcp85,ramsey_prtp2p0_eta1p5,5.747744978075155
bhm_richpoor_lr,estimates,expected,SSP1,rcp85,,,3.0,625.9055995001951,169,ssp1_rcp85,fixed_dr3p0,6.439199560208253
bhm_richpoor_lr,estimates,expected,SSP1,rcp85,,,5.0,236.47430221200912,169,ssp1_rcp85,fixed_dr5p0,5.465839543305195
bhm_richpoor_lr,estimates,expected,SSP2,rcp45,1.0,0p7,,1150.783436267246,169,ssp2_rcp45,ramsey_prtp1p0_eta0p7,7.04819823834062
bhm_richpoor_lr,estimates,expected,SSP2,rcp45,1.0,1p5,,620.3093750368802,169,ssp2_rcp45,ramsey_prtp1p0_eta1p5,6.430218345578999
bhm_richpoor_lr,estimates,expected,SSP2,rcp45,2.0,0p7,,564.295962313588,169,ssp2_rcp45,ramsey_prtp2p0_eta0p7,6.335578869736999
bhm_richpoor_lr,estimates,expected,SSP2,rcp45,2.0,1p5,,321.0442374321724,169,ssp2_rcp45,ramsey_prtp2p0_eta1p5,5.771578924950088
bhm_richpoor_lr,estimates,expected,SSP2,rcp45,,,3.0,633.5836435270588,169,ssp2_rcp45,fixed_dr3p0,6.4513920250266255
bhm_richpoor_lr,estimates,expected,SSP2,rcp45,,,5.0,221.44630124889335,169,ssp2_rcp45,fixed_dr5p0,5.400180127808827
bhm_richpoor_lr,estimates,expected,SSP2,rcp60,1.0,0p7,,1152.2756035648924,169,ssp2_rcp60,ramsey_prtp1p0_eta0p7,7.049494051848337
bhm_richpoor_lr,estimates,expected,SSP2,rcp60,1.0,1p5,,623.497588022398,169,ssp2_rcp60,ramsey_prtp1p0_eta1p5,6.435344896664169
bhm_richpoor_lr,estimates,expected,SSP2,rcp60,2.0,0p7,,565.0101824540536,169,ssp2_rcp60,ramsey_prtp2p0_eta0p7,6.336843753026619
bhm_richpoor_lr,estimates,expected,SSP2,rcp60,2.0,1p5,,320.8942367774565,169,ssp2_rcp60,ramsey_prtp2p0_eta1p5,5.771111588395348
bhm_richpoor_lr,estimates,expected,SSP2,rcp60,,,3.0,636.9024165524185,169,ssp2_rcp60,fixed_dr3p0,6.456616451611633
bhm_richpoor_lr,estimates,expected,SSP2,rcp60,,,5.0,223.6729442936958,169,ssp2_rcp60,fixed_dr5p0,5.410184914796571
bhm_richpoor_lr,estimates,expected,SSP2,rcp85,1.0,0p7,,1132.817207734042,169,ssp2_rcp85,ramsey_prtp1p0_eta0p7,7.032462913267269
bhm_richpoor_lr,estimates,expected,SSP2,rcp85,1.0,1p5,,741.4227210782763,169,ssp2_rcp85,ramsey_prtp1p0_eta1p5,6.608570936427619
bhm_richpoor_lr,estimates,expected,SSP2,rcp85,2.0,0p7,,551.6097309578522,169,ssp2_rcp85,ramsey_prtp2p0_eta0p7,6.312840787093947
bhm_richpoor_lr,estimates,expected,SSP2,rcp85,2.0,1p5,,363.61994580994246,169,ssp2_rcp85,ramsey_prtp2p0_eta1p5,5.896109217261751
bhm_richpoor_lr,estimates,expected,SSP2,rcp85,,,3.0,542.7122876371154,169,ssp2_rcp85,fixed_dr3p0,6.296579322488212
bhm_richpoor_lr,estimates,expected,SSP2,rcp85,,,5.0,201.60844762115445,169,ssp2_rcp85,fixed_dr5p0,5.306327438202023
bhm_richpoor_lr,estimates,expected,SSP3,rcp45,1.0,0p7,,1147.5594029046927,169,ssp3_rcp45,ramsey_prtp1p0_eta0p7,7.045392707832028
bhm_richpoor_lr,estimates,expected,SSP3,rcp45,1.0,1p5,,845.6439498357414,169,ssp3_rcp45,ramsey_prtp1p0_eta1p5,6.740098407940182
bhm_richpoor_lr,estimates,expected,SSP3,rcp45,2.0,0p7,,541.9320659993832,169,ssp3_rcp45,ramsey_prtp2p0_eta0p7,6.295140654099463
bhm_richpoor_lr,estimates,expected,SSP3,rcp45,2.0,1p5,,406.9586053689772,169,ssp3_rcp45,ramsey_prtp2p0_eta1p5,6.008711473559987
bhm_richpoor_lr,estimates,expected,SSP3,rcp45,,,3.0,399.1912017832832,169,ssp3_rcp45,fixed_dr3p0,5.989440504573399
bhm_richpoor_lr,estimates,expected,SSP3,rcp45,,,5.0,156.17671161545724,169,ssp3_rcp45,fixed_dr5p0,5.0509881329191115
bhm_richpoor_lr,estimates,expected,SSP3,rcp60,1.0,0p7,,1146.97153112106,169,ssp3_rcp60,ramsey_prtp1p0_eta0p7,7.04488029652584
bhm_richpoor_lr,estimates,expected,SSP3,rcp60,1.0,1p5,,849.4453196230422,169,ssp3_rcp60,ramsey_prtp1p0_eta1p5,6.744583571321688
bhm_richpoor_lr,estimates,expected,SSP3,rcp60,2.0,0p7,,541.9938675157593,169,ssp3_rcp60,ramsey_prtp2p0_eta0p7,6.295254686829066
bhm_richpoor_lr,estimates,expected,SSP3,rcp60,2.0,1p5,,406.6984151063665,169,ssp3_rcp60,ramsey_prtp2p0_eta1p5,6.008071915945582
bhm_richpoor_lr,estimates,expected,SSP3,rcp60,,,3.0,401.6104640989364,169,ssp3_rcp60,fixed_dr3p0,5.9954826240613155
bhm_richpoor_lr,estimates,expected,SSP3,rcp60,,,5.0,157.7997353962985,169,ssp3_rcp60,fixed_dr5p0,5.061326731580827
bhm_richpoor_lr,estimates,expected,SSP3,rcp85,1.0,0p7,,1122.742424584493,169,ssp3_rcp85,ramsey_prtp1p0_eta0p7,7.023529564748018
bhm_richpoor_lr,estimates,expected,SSP3,rcp85,1.0,1p5,,1059.6137412524863,169,ssp3_rcp85,ramsey_prtp1p0_eta1p5,6.965659725653281
bhm_richpoor_lr,estimates,expected,SSP3,rcp85,2.0,0p7,,526.8949395439992,169,ssp3_rcp85,ramsey_prtp2p0_eta0p7,6.267001172963386
bhm_richpoor_lr,estimates,expected,SSP3,rcp85,2.0,1p5,,478.44661274385743,169,ssp3_rcp85,ramsey_prtp2p0_eta1p5,6.170544632555227
bhm_richpoor_lr,estimates,expected,SSP3,rcp85,,,3.0,345.8545194191372,169,ssp3_rcp85,fixed_dr3p0,5.846018222531367
bhm_richpoor_lr,estimates,expected,SSP3,rcp85,,,5.0,143.86238444828467,169,ssp3_rcp85,fixed_dr5p0,4.968857179084866
bhm_richpoor_lr,estimates,expected,SSP4,rcp45,1.0,0p7,,1034.9681042186053,169,ssp4_rcp45,ramsey_prtp1p0_eta0p7,6.942125888044519
bhm_richpoor_lr,estimates,expected,SSP4,rcp45,1.0,1p5,,591.3973793325193,169,ssp4_rcp45,ramsey_prtp1p0_eta1p5,6.382488176114205
bhm_richpoor_lr,estimates,expected,SSP4,rcp45,2.0,0p7,,512.1606721896815,169,ssp4_rcp45,ramsey_prtp2p0_eta0p7,6.23863838868102
bhm_richpoor_lr,estimates,expected,SSP4,rcp45,2.0,1p5,,307.7465769249618,169,ssp4_rcp45,ramsey_prtp2p0_eta1p5,5.729276642094374
bhm_richpoor_lr,estimates,expected,SSP4,rcp45,,,3.0,493.4219813897854,169,ssp4_rcp45,fixed_dr3p0,6.2013647539536985
bhm_richpoor_lr,estimates,expected,SSP4,rcp45,,,5.0,188.9745395436407,169,ssp4_rcp45,fixed_dr5p0,5.241612294575937
bhm_richpoor_lr,estimates,expected,SSP4,rcp60,1.0,0p7,,1036.0040026549827,169,ssp4_rcp60,ramsey_prtp1p0_eta0p7,6.943126286378551
bhm_richpoor_lr,estimates,expected,SSP4,rcp60,1.0,1p5,,595.4678067677472,169,ssp4_rcp60,ramsey_prtp1p0_eta1p5,6.3893473264906016
bhm_richpoor_lr,estimates,expected,SSP4,rcp60,2.0,0p7,,512.746150999995,169,ssp4_rcp60,ramsey_prtp2p0_eta0p7,6.239780890342151
bhm_richpoor_lr,estimates,expected,SSP4,rcp60,2.0,1p5,,307.9279223400994,169,ssp4_rcp60,ramsey_prtp2p0_eta1p5,5.729865737210701
bhm_richpoor_lr,estimates,expected,SSP4,rcp60,,,3.0,496.0027256314931,169,ssp4_rcp60,fixed_dr3p0,6.206581421934613
bhm_richpoor_lr,estimates,expected,SSP4,rcp60,,,5.0,190.86064443734423,169,ssp4_rcp60,fixed_dr5p0,5.251543551475832
bhm_richpoor_lr,estimates,expected,SSP4,rcp85,1.0,0p7,,1020.4589675353941,169,ssp4_rcp85,ramsey_prtp1p0_eta0p7,6.9280077732449525
bhm_richpoor_lr,estimates,expected,SSP4,rcp85,1.0,1p5,,760.7946102322875,169,ssp4_rcp85,ramsey_prtp1p0_eta1p5,6.6343634268636675
bhm_richpoor_lr,estimates,expected,SSP4,rcp85,2.0,0p7,,500.7164738934802,169,ssp4_rcp85,ramsey_prtp2p0_eta0p7,6.216040020519196
bhm_richpoor_lr,estimates,expected,SSP4,rcp85,2.0,1p5,,365.50424711761707,169,ssp4_rcp85,ramsey_prtp2p0_eta1p5,5.901277899143161
bhm_richpoor_lr,estimates,expected,SSP4,rcp85,,,3.0,429.8884545214159,169,ssp4_rcp85,fixed_dr3p0,6.063525766945779
bhm_richpoor_lr,estimates,expected,SSP4,rcp85,,,5.0,174.30053969327068,169,ssp4_rcp85,fixed_dr5p0,5.160781048868116
bhm_richpoor_lr,estimates,expected,SSP5,rcp45,1.0,0p7,,1324.0972100347774,169,ssp5_rcp45,ramsey_prtp1p0_eta0p7,7.188486155278147
bhm_richpoor_lr,estimates,expected,SSP5,rcp45,1.0,1p5,,500.7421689773951,169,ssp5_rcp45,ramsey_prtp1p0_eta1p5,6.216091335836315
bhm_richpoor_lr,estimates,expected,SSP5,rcp45,2.0,0p7,,659.2767696705455,169,ssp5_rcp45,ramsey_prtp2p0_eta0p7,6.491143430659338
bhm_richpoor_lr,estimates,expected,SSP5,rcp45,2.0,1p5,,274.4623439039284,169,ssp5_rcp45,ramsey_prtp2p0_eta1p5,5.614814070861599
bhm_richpoor_lr,estimates,expected,SSP5,rcp45,,,3.0,1093.0539703374964,169,ssp5_rcp45,fixed_dr3p0,6.99673086512536
bhm_richpoor_lr,estimates,expected,SSP5,rcp45,,,5.0,359.03394279019454,169,ssp5_rcp45,fixed_dr5p0,5.883416932180985
bhm_richpoor_lr,estimates,expected,SSP5,rcp60,1.0,0p7,,1326.1447620893405,169,ssp5_rcp60,ramsey_prtp1p0_eta0p7,7.190031336800055
bhm_richpoor_lr,estimates,expected,SSP5,rcp60,1.0,1p5,,502.45977099719147,169,ssp5_rcp60,ramsey_prtp1p0_eta1p5,6.219515579011409
bhm_richpoor_lr,estimates,expected,SSP5,rcp60,2.0,0p7,,660.2324152737185,169,ssp5_rcp60,ramsey_prtp2p0_eta0p7,6.492591917386319
bhm_richpoor_lr,estimates,expected,SSP5,rcp60,2.0,1p5,,274.20892189314435,169,ssp5_rcp60,ramsey_prtp2p0_eta1p5,5.613890304502385
bhm_richpoor_lr,estimates,expected,SSP5,rcp60,,,3.0,1096.5395089085557,169,ssp5_rcp60,fixed_dr3p0,6.99991459904516
bhm_richpoor_lr,estimates,expected,SSP5,rcp60,,,5.0,362.228511085632,169,ssp5_rcp60,fixed_dr5p0,5.892275258766667
bhm_richpoor_lr,estimates,expected,SSP5,rcp85,1.0,0p7,,1313.1021038022811,169,ssp5_rcp85,ramsey_prtp1p0_eta0p7,7.180147635028234
bhm_richpoor_lr,estimates,expected,SSP5,rcp85,1.0,1p5,,592.2776269277375,169,ssp5_rcp85,ramsey_prtp1p0_eta1p5,6.383975489359528
bhm_richpoor_lr,estimates,expected,SSP5,rcp85,2.0,0p7,,647.3626026511713,169,ssp5_rcp85,ramsey_prtp2p0_eta0p7,6.472906574379064
bhm_richpoor_lr,estimates,expected,SSP5,rcp85,2.0,1p5,,307.67696090402893,169,ssp5_rcp85,ramsey_prtp2p0_eta1p5,5.729050404334683
bhm_richpoor_lr,estimates,expected,SSP5,rcp85,,,3.0,932.9973382227728,169,ssp5_rcp85,fixed_dr3p0,6.838402347920201
bhm_richpoor_lr,estimates,expected,SSP5,rcp85,,,5.0,324.76053607097236,169,ssp5_rcp85,fixed_dr5p0,5.783088098660984
bhm_richpoor_lr,estimates,uncertain,SSP1,rcp45,1.0,0p7,,1034.6750242076077,169,ssp1_rcp45,ramsey_prtp1p0_eta0p7,6.941842670122616
bhm_richpoor_lr,estimates,uncertain,SSP1,rcp45,1.0,1p5,,504.0503282828255,169,ssp1_rcp45,ramsey_prtp1p0_eta1p5,6.222676120789939
bhm_richpoor_lr,estimates,uncertain,SSP1,rcp45,2.0,0p7,,518.5792959664894,169,ssp1_rcp45,ramsey_prtp2p0_eta0p7,6.251092949373742
bhm_richpoor_lr,estimates,uncertain,SSP1,rcp45,2.0,1p5,,267.9776663010422,169,ssp1_rcp45,ramsey_prtp2p0_eta1p5,5.590903642340724
bhm_richpoor_lr,estimates,uncertain,SSP1,rcp45,,,3.0,697.8183851291695,169,ssp1_rcp45,fixed_dr3p0,6.547958875681557
bhm_richpoor_lr,estimates,uncertain,SSP1,rcp45,,,5.0,248.24767428886122,169,ssp1_rcp45,fixed_dr5p0,5.5144269344578785
bhm_richpoor_lr,estimates,uncertain,SSP1,rcp60,1.0,0p7,,1002.8830801523371,169,ssp1_rcp60,ramsey_prtp1p0_eta0p7,6.9106342110298575
bhm_richpoor_lr,estimates,uncertain,SSP1,rcp60,1.0,1p5,,483.301565475355,169,ssp1_rcp60,ramsey_prtp1p0_eta1p5,6.180640817983709
bhm_richpoor_lr,estimates,uncertain,SSP1,rcp60,2.0,0p7,,504.2700974991233,169,ssp1_rcp60,ramsey_prtp2p0_eta0p7,6.223112032260457
bhm_richpoor_lr,estimates,uncertain,SSP1,rcp60,2.0,1p5,,256.24144171811645,169,ssp1_rcp60,ramsey_prtp2p0_eta1p5,5.546120131721683
bhm_richpoor_lr,estimates,uncertain,SSP1,rcp60,,,3.0,682.7533811417466,169,ssp1_rcp60,fixed_dr3p0,6.526133712581386
bhm_richpoor_lr,estimates,uncertain,SSP1,rcp60,,,5.0,244.5509096358784,169,ssp1_rcp60,fixed_dr5p0,5.499423506609928
bhm_richpoor_lr,estimates,uncertain,SSP1,rcp85,1.0,0p7,,1040.4916323966638,169,ssp1_rcp85,ramsey_prtp1p0_eta0p7,6.947448603895215
bhm_richpoor_lr,estimates,uncertain,SSP1,rcp85,1.0,1p5,,613.6674355536117,169,ssp1_rcp85,ramsey_prtp1p0_eta1p5,6.419453145503257
bhm_richpoor_lr,estimates,uncertain,SSP1,rcp85,2.0,0p7,,518.172082535292,169,ssp1_rcp85,ramsey_prtp2p0_eta0p7,6.2503073927579855
bhm_richpoor_lr,estimates,uncertain,SSP1,rcp85,2.0,1p5,,306.764040577583,169,ssp1_rcp85,ramsey_prtp2p0_eta1p5,5.7260788545975725
bhm_richpoor_lr,estimates,uncertain,SSP1,rcp85,,,3.0,616.4917583408021,169,ssp1_rcp85,fixed_dr3p0,6.424044954049188
bhm_richpoor_lr,estimates,uncertain,SSP1,rcp85,,,5.0,231.99087772796392,169,ssp1_rcp85,fixed_dr5p0,5.446698050755167
bhm_richpoor_lr,estimates,uncertain,SSP2,rcp45,1.0,0p7,,1109.631807218712,169,ssp2_rcp45,ramsey_prtp1p0_eta0p7,7.011783534071671
bhm_richpoor_lr,estimates,uncertain,SSP2,rcp45,1.0,1p5,,597.0731097170523,169,ssp2_rcp45,ramsey_prtp1p0_eta1p5,6.392039567732372
bhm_richpoor_lr,estimates,uncertain,SSP2,rcp45,2.0,0p7,,543.0493899898096,169,ssp2_rcp45,ramsey_prtp2p0_eta0p7,6.297200273421501
bhm_richpoor_lr,estimates,uncertain,SSP2,rcp45,2.0,1p5,,309.4927729305034,169,ssp2_rcp45,ramsey_prtp2p0_eta1p5,5.734934741062044
bhm_richpoor_lr,estimates,uncertain,SSP2,rcp45,,,3.0,612.1335598622394,169,ssp2_rcp45,fixed_dr3p0,6.4169504937715365
bhm_richpoor_lr,estimates,uncertain,SSP2,rcp45,,,5.0,212.96313798283367,169,ssp2_rcp45,fixed_dr5p0,5.361119089619166
bhm_richpoor_lr,estimates,uncertain,SSP2,rcp60,1.0,0p7,,1075.0513897073415,169,ssp2_rcp60,ramsey_prtp1p0_eta0p7,6.980123743798092
bhm_richpoor_lr,estimates,uncertain,SSP2,rcp60,1.0,1p5,,571.4144467501428,169,ssp2_rcp60,ramsey_prtp1p0_eta1p5,6.348114772553965
bhm_richpoor_lr,estimates,uncertain,SSP2,rcp60,2.0,0p7,,527.4024807506834,169,ssp2_rcp60,ramsey_prtp2p0_eta0p7,6.267963977644725
bhm_richpoor_lr,estimates,uncertain,SSP2,rcp60,2.0,1p5,,295.72673530079396,169,ssp2_rcp60,ramsey_prtp2p0_eta1p5,5.689435836368913
bhm_richpoor_lr,estimates,uncertain,SSP2,rcp60,,,3.0,598.5473626632488,169,ssp2_rcp60,fixed_dr3p0,6.39450565747808
bhm_richpoor_lr,estimates,uncertain,SSP2,rcp60,,,5.0,209.95044817094424,169,ssp2_rcp60,fixed_dr5p0,5.346871541783528
bhm_richpoor_lr,estimates,uncertain,SSP2,rcp85,1.0,0p7,,1112.6322175917594,169,ssp2_rcp85,ramsey_prtp1p0_eta0p7,7.014483854252109
bhm_richpoor_lr,estimates,uncertain,SSP2,rcp85,1.0,1p5,,722.2970714547023,169,ssp2_rcp85,ramsey_prtp1p0_eta1p5,6.582436510576343
bhm_richpoor_lr,estimates,uncertain,SSP2,rcp85,2.0,0p7,,540.7769417452696,169,ssp2_rcp85,ramsey_prtp2p0_eta0p7,6.293006886514414
bhm_richpoor_lr,estimates,uncertain,SSP2,rcp85,2.0,1p5,,354.5230801324683,169,ssp2_rcp85,ramsey_prtp2p0_eta1p5,5.870773450009337
bhm_richpoor_lr,estimates,uncertain,SSP2,rcp85,,,3.0,534.7333638381359,169,ssp2_rcp85,fixed_dr3p0,6.28176823731147
bhm_richpoor_lr,estimates,uncertain,SSP2,rcp85,,,5.0,197.87643788581076,169,ssp2_rcp85,fixed_dr5p0,5.2876427848118475
bhm_richpoor_lr,estimates,uncertain,SSP3,rcp45,1.0,0p7,,1102.6312012834867,169,ssp3_rcp45,ramsey_prtp1p0_eta0p7,7.005454603672388
bhm_richpoor_lr,estimates,uncertain,SSP3,rcp45,1.0,1p5,,805.584898692177,169,ssp3_rcp45,ramsey_prtp1p0_eta1p5,6.691568595811795
bhm_richpoor_lr,estimates,uncertain,SSP3,rcp45,2.0,0p7,,520.1227989932325,169,ssp3_rcp45,ramsey_prtp2p0_eta0p7,6.2540649356060625
bhm_richpoor_lr,estimates,uncertain,SSP3,rcp45,2.0,1p5,,389.2233882373038,169,ssp3_rcp45,ramsey_prtp2p0_eta1p5,5.964153441613484
bhm_richpoor_lr,estimates,uncertain,SSP3,rcp45,,,3.0,384.9507349724645,169,ssp3_rcp45,fixed_dr3p0,5.953115364989581
bhm_richpoor_lr,estimates,uncertain,SSP3,rcp45,,,5.0,150.11859992953023,169,ssp3_rcp45,fixed_dr5p0,5.011425647881271
bhm_richpoor_lr,estimates,uncertain,SSP3,rcp60,1.0,0p7,,1067.1332938739413,169,ssp3_rcp60,ramsey_prtp1p0_eta0p7,6.972731167467484
bhm_richpoor_lr,estimates,uncertain,SSP3,rcp60,1.0,1p5,,769.5891150139013,169,ssp3_rcp60,ramsey_prtp1p0_eta1p5,6.645856755558518
bhm_richpoor_lr,estimates,uncertain,SSP3,rcp60,2.0,0p7,,504.75700107138556,169,ssp3_rcp60,ramsey_prtp2p0_eta0p7,6.22407712747097
bhm_richpoor_lr,estimates,uncertain,SSP3,rcp60,2.0,1p5,,371.6249666726734,169,ssp3_rcp60,ramsey_prtp2p0_eta1p5,5.917885191638267
bhm_richpoor_lr,estimates,uncertain,SSP3,rcp60,,,3.0,377.9097710091272,169,ssp3_rcp60,fixed_dr3p0,5.934655466091907
bhm_richpoor_lr,estimates,uncertain,SSP3,rcp60,,,5.0,148.4470612754093,169,ssp3_rcp60,fixed_dr5p0,5.000228404957302
bhm_richpoor_lr,estimates,uncertain,SSP3,rcp85,1.0,0p7,,1097.526114945545,169,ssp3_rcp85,ramsey_prtp1p0_eta0p7,7.000813939605225
bhm_richpoor_lr,estimates,uncertain,SSP3,rcp85,1.0,1p5,,1011.491702399726,169,ssp3_rcp85,ramsey_prtp1p0_eta1p5,6.919181453311401
bhm_richpoor_lr,estimates,uncertain,SSP3,rcp85,2.0,0p7,,514.6213450812928,169,ssp3_rcp85,ramsey_prtp2p0_eta0p7,6.243431377963887
bhm_richpoor_lr,estimates,uncertain,SSP3,rcp85,2.0,1p5,,459.4395850075279,169,ssp3_rcp85,ramsey_prtp2p0_eta1p5,6.130007453298468
bhm_richpoor_lr,estimates,uncertain,SSP3,rcp85,,,3.0,340.2756984742581,169,ssp3_rcp85,fixed_dr3p0,5.829756166891832
bhm_richpoor_lr,estimates,uncertain,SSP3,rcp85,,,5.0,141.1731952063108,169,ssp3_rcp85,fixed_dr5p0,4.9499874713887175
bhm_richpoor_lr,estimates,uncertain,SSP4,rcp45,1.0,0p7,,999.5372929488955,169,ssp4_rcp45,ramsey_prtp1p0_eta0p7,6.907292464849092
bhm_richpoor_lr,estimates,uncertain,SSP4,rcp45,1.0,1p5,,565.7097196630477,169,ssp4_rcp45,ramsey_prtp1p0_eta1p5,6.338081083857946
bhm_richpoor_lr,estimates,uncertain,SSP4,rcp45,2.0,0p7,,493.45781844148087,169,ssp4_rcp45,ramsey_prtp2p0_eta0p7,6.201437380937688
bhm_richpoor_lr,estimates,uncertain,SSP4,rcp45,2.0,1p5,,295.82304037049477,169,ssp4_rcp45,ramsey_prtp2p0_eta1p5,5.689761438962346
bhm_richpoor_lr,estimates,uncertain,SSP4,rcp45,,,3.0,475.6958548141342,169,ssp4_rcp45,fixed_dr3p0,6.16477868953467
bhm_richpoor_lr,estimates,uncertain,SSP4,rcp45,,,5.0,181.56326662574483,169,ssp4_rcp45,fixed_dr5p0,5.201604169416633
bhm_richpoor_lr,estimates,uncertain,SSP4,rcp60,1.0,0p7,,968.9252522302326,169,ssp4_rcp60,ramsey_prtp1p0_eta0p7,6.876187469834107
bhm_richpoor_lr,estimates,uncertain,SSP4,rcp60,1.0,1p5,,542.1376439979332,169,ssp4_rcp60,ramsey_prtp1p0_eta1p5,6.295519924914096
bhm_richpoor_lr,estimates,uncertain,SSP4,rcp60,2.0,0p7,,479.2357274457247,169,ssp4_rcp60,ramsey_prtp2p0_eta0p7,6.172192600461372
bhm_richpoor_lr,estimates,uncertain,SSP4,rcp60,2.0,1p5,,282.726263341721,169,ssp4_rcp60,ramsey_prtp2p0_eta1p5,5.644479162194559
bhm_richpoor_lr,estimates,uncertain,SSP4,rcp60,,,3.0,466.84937858121657,169,ssp4_rcp60,fixed_dr3p0,6.146006675840298
bhm_richpoor_lr,estimates,uncertain,SSP4,rcp60,,,5.0,179.37176040425138,169,ssp4_rcp60,fixed_dr5p0,5.189460525886689
bhm_richpoor_lr,estimates,uncertain,SSP4,rcp85,1.0,0p7,,1001.8218856262404,169,ssp4_rcp85,ramsey_prtp1p0_eta0p7,6.909575506987784
bhm_richpoor_lr,estimates,uncertain,SSP4,rcp85,1.0,1p5,,731.1532403791181,169,ssp4_rcp85,ramsey_prtp1p0_eta1p5,6.5946230689418215
bhm_richpoor_lr,estimates,uncertain,SSP4,rcp85,2.0,0p7,,491.17192425265506,169,ssp4_rcp85,ramsey_prtp2p0_eta0p7,6.19679421773329
bhm_richpoor_lr,estimates,uncertain,SSP4,rcp85,2.0,1p5,,353.9594904897897,169,ssp4_rcp85,ramsey_prtp2p0_eta1p5,5.869182472941083
bhm_richpoor_lr,estimates,uncertain,SSP4,rcp85,,,3.0,422.8596243942397,169,ssp4_rcp85,fixed_dr3p0,6.047040266745464
bhm_richpoor_lr,estimates,uncertain,SSP4,rcp85,,,5.0,170.95638151749336,169,ssp4_rcp85,fixed_dr5p0,5.14140844511945
bhm_richpoor_lr,estimates,uncertain,SSP5,rcp45,1.0,0p7,,1281.8850521962725,169,ssp5_rcp45,ramsey_prtp1p0_eta0p7,7.156086970587237
bhm_richpoor_lr,estimates,uncertain,SSP5,rcp45,1.0,1p5,,483.5548311945279,169,ssp5_rcp45,ramsey_prtp1p0_eta1p5,6.18116471320918
bhm_richpoor_lr,estimates,uncertain,SSP5,rcp45,2.0,0p7,,635.828209727336,169,ssp5_rcp45,ramsey_prtp2p0_eta0p7,6.454928416362103
bhm_richpoor_lr,estimates,uncertain,SSP5,rcp45,2.0,1p5,,265.87554304837414,169,ssp5_rcp45,ramsey_prtp2p0_eta1p5,5.583028316013376
bhm_richpoor_lr,estimates,uncertain,SSP5,rcp45,,,3.0,1056.4872429145119,169,ssp5_rcp45,fixed_dr3p0,6.9627047621270926
bhm_richpoor_lr,estimates,uncertain,SSP5,rcp45,,,5.0,345.5582924500869,169,ssp5_rcp45,fixed_dr5p0,5.845161348079259
bhm_richpoor_lr,estimates,uncertain,SSP5,rcp60,1.0,0p7,,1242.0704843576466,169,ssp5_rcp60,ramsey_prtp1p0_eta0p7,7.124535011573701
bhm_richpoor_lr,estimates,uncertain,SSP5,rcp60,1.0,1p5,,462.9072580544667,169,ssp5_rcp60,ramsey_prtp1p0_eta1p5,6.137526727444366
bhm_richpoor_lr,estimates,uncertain,SSP5,rcp60,2.0,0p7,,617.9545243157198,169,ssp5_rcp60,ramsey_prtp2p0_eta0p7,6.426414869500519
bhm_richpoor_lr,estimates,uncertain,SSP5,rcp60,2.0,1p5,,253.56208376520593,169,ssp5_rcp60,ramsey_prtp2p0_eta1p5,5.535608699418189
bhm_richpoor_lr,estimates,uncertain,SSP5,rcp60,,,3.0,1030.289279701071,169,ssp5_rcp60,fixed_dr3p0,6.937594895870268
bhm_richpoor_lr,estimates,uncertain,SSP5,rcp60,,,5.0,339.9152165260966,169,ssp5_rcp60,fixed_dr5p0,5.8286962233555055
bhm_richpoor_lr,estimates,uncertain,SSP5,rcp85,1.0,0p7,,1292.8225129248058,169,ssp5_rcp85,ramsey_prtp1p0_eta0p7,7.164583101696895
bhm_richpoor_lr,estimates,uncertain,SSP5,rcp85,1.0,1p5,,580.268954402427,169,ssp5_rcp85,ramsey_prtp1p0_eta1p5,6.3634917105450715
bhm_richpoor_lr,estimates,uncertain,SSP5,rcp85,2.0,0p7,,635.7766647536334,169,ssp5_rcp85,ramsey_prtp2p0_eta0p7,6.454847345622653
bhm_richpoor_lr,estimates,uncertain,SSP5,rcp85,2.0,1p5,,302.1564588850218,169,ssp5_rcp85,ramsey_prtp2p0_eta1p5,5.710944958998164
bhm_richpoor_lr,estimates,uncertain,SSP5,rcp85,,,3.0,918.7566655391244,169,ssp5_rcp85,fixed_dr3p0,6.823021305509299
bhm_richpoor_lr,estimates,uncertain,SSP5,rcp85,,,5.0,318.95286419874094,169,ssp5_rcp85,fixed_dr5p0,5.76504333073462
bhm_richpoor_sr,bootstrap,expected,SSP1,rcp45,1.0,0p7,,621.0181534455638,169,ssp1_rcp45,ramsey_prtp1p0_eta0p7,6.431360314107766
bhm_richpoor_sr,bootstrap,expected,SSP1,rcp45,1.0,1p5,,260.0635644383661,169,ssp1_rcp45,ramsey_prtp1p0_eta1p5,5.560926079744603
bhm_richpoor_sr,bootstrap,expected,SSP1,rcp45,2.0,0p7,,311.61306585868954,169,ssp1_rcp45,ramsey_prtp2p0_eta0p7,5.741762244628049
bhm_richpoor_sr,bootstrap,expected,SSP1,rcp45,2.0,1p5,,134.77233240393417,169,ssp1_rcp45,ramsey_prtp2p0_eta1p5,4.903586928182726
bhm_richpoor_sr,bootstrap,expected,SSP1,rcp45,,,3.0,479.7814678462891,169,ssp1_rcp45,fixed_dr3p0,6.1733307249124305
bhm_richpoor_sr,bootstrap,expected,SSP1,rcp45,,,5.0,169.06859230082864,169,ssp1_rcp45,fixed_dr5p0,5.130304504182011
bhm_richpoor_sr,bootstrap,expected,SSP1,rcp60,1.0,0p7,,614.5034973822409,169,ssp1_rcp60,ramsey_prtp1p0_eta0p7,6.420814620417462
bhm_richpoor_sr,bootstrap,expected,SSP1,rcp60,1.0,1p5,,259.3403389435376,169,ssp1_rcp60,ramsey_prtp1p0_eta1p5,5.558141249066509
bhm_richpoor_sr,bootstrap,expected,SSP1,rcp60,2.0,0p7,,306.04240477313135,169,ssp1_rcp60,ramsey_prtp2p0_eta0p7,5.723723670041352
bhm_richpoor_sr,bootstrap,expected,SSP1,rcp60,2.0,1p5,,131.21989850264194,169,ssp1_rcp60,ramsey_prtp2p0_eta1p5,4.876874530426431
bhm_richpoor_sr,bootstrap,expected,SSP1,rcp60,,,3.0,476.1397217955118,169,ssp1_rcp60,fixed_dr3p0,6.1657113443428315
bhm_richpoor_sr,bootstrap,expected,SSP1,rcp60,,,5.0,168.36020443046522,169,ssp1_rcp60,fixed_dr5p0,5.126105758147684
bhm_richpoor_sr,bootstrap,expected,SSP1,rcp85,1.0,0p7,,737.6881234031493,169,ssp1_rcp85,ramsey_prtp1p0_eta0p7,6.603521138266486
bhm_richpoor_sr,bootstrap,expected,SSP1,rcp85,1.0,1p5,,443.09095465170594,169,ssp1_rcp85,ramsey_prtp1p0_eta1p5,6.093775064211718
bhm_richpoor_sr,bootstrap,expected,SSP1,rcp85,2.0,0p7,,355.1605646387622,169,ssp1_rcp85,ramsey_prtp2p0_eta0p7,5.87256998197805
bhm_richpoor_sr,bootstrap,expected,SSP1,rcp85,2.0,1p5,,207.40450762198577,169,ssp1_rcp85,ramsey_prtp2p0_eta1p5,5.334671029512892
bhm_richpoor_sr,bootstrap,expected,SSP1,rcp85,,,3.0,369.131732017756,169,ssp1_rcp85,fixed_dr3p0,5.911153577670231
bhm_richpoor_sr,bootstrap,expected,SSP1,rcp85,,,5.0,149.14580559078735,169,ssp1_rcp85,fixed_dr5p0,5.0049243884787495
bhm_richpoor_sr,bootstrap,expected,SSP2,rcp45,1.0,0p7,,745.9188564814084,169,ssp2_rcp45,ramsey_prtp1p0_eta0p7,6.614616822815072
bhm_richpoor_sr,bootstrap,expected,SSP2,rcp45,1.0,1p5,,383.88266640866635,169,ssp2_rcp45,ramsey_prtp1p0_eta1p5,5.95033694966848
bhm_richpoor_sr,bootstrap,expected,SSP2,rcp45,2.0,0p7,,357.50057573715446,169,ssp2_rcp45,ramsey_prtp2p0_eta0p7,5.879136972586345
bhm_richpoor_sr,bootstrap,expected,SSP2,rcp45,2.0,1p5,,192.02919966561885,169,ssp2_rcp45,ramsey_prtp2p0_eta1p5,5.257647442056314
bhm_richpoor_sr,bootstrap,expected,SSP2,rcp45,,,3.0,383.7792327257485,169,ssp2_rcp45,fixed_dr3p0,5.950067472484161
bhm_richpoor_sr,bootstrap,expected,SSP2,rcp45,,,5.0,133.5410948126188,169,ssp2_rcp45,fixed_dr5p0,4.894409256783257
bhm_richpoor_sr,bootstrap,expected,SSP2,rcp60,1.0,0p7,,739.8198405858647,169,ssp2_rcp60,ramsey_prtp1p0_eta0p7,6.606406697889592
bhm_richpoor_sr,bootstrap,expected,SSP2,rcp60,1.0,1p5,,383.40374837095715,169,ssp2_rcp60,ramsey_prtp1p0_eta1p5,5.949088607222483
bhm_richpoor_sr,bootstrap,expected,SSP2,rcp60,2.0,0p7,,351.73073072255426,169,ssp2_rcp60,ramsey_prtp2p0_eta0p7,5.862865913321402
bhm_richpoor_sr,bootstrap,expected,SSP2,rcp60,2.0,1p5,,188.7533934733341,169,ssp2_rcp60,ramsey_prtp2p0_eta1p5,5.24044136663419
bhm_richpoor_sr,bootstrap,expected,SSP2,rcp60,,,3.0,381.0674974755772,169,ssp2_rcp60,fixed_dr3p0,5.942976518164496
bhm_richpoor_sr,bootstrap,expected,SSP2,rcp60,,,5.0,132.86122385191902,169,ssp2_rcp60,fixed_dr5p0,4.889305153785208
bhm_richpoor_sr,bootstrap,expected,SSP2,rcp85,1.0,0p7,,868.532836773045,169,ssp2_rcp85,ramsey_prtp1p0_eta0p7,6.766805393570975
bhm_richpoor_sr,bootstrap,expected,SSP2,rcp85,1.0,1p5,,669.9990929248005,169,ssp2_rcp85,ramsey_prtp1p0_eta1p5,6.507276358540514
bhm_richpoor_sr,bootstrap,expected,SSP2,rcp85,2.0,0p7,,400.84588848929354,169,ssp2_rcp85,ramsey_prtp2p0_eta0p7,5.993577035455675
bhm_richpoor_sr,bootstrap,expected,SSP2,rcp85,2.0,1p5,,300.25073259034883,169,ssp2_rcp85,ramsey_prtp2p0_eta1p5,5.704617900891667
bhm_richpoor_sr,bootstrap,expected,SSP2,rcp85,,,3.0,281.1462201199245,169,ssp2_rcp85,fixed_dr3p0,5.6388748902940184
bhm_richpoor_sr,bootstrap,expected,SSP2,rcp85,,,5.0,115.2071937307674,169,ssp2_rcp85,fixed_dr5p0,4.746732191891725
bhm_richpoor_sr,bootstrap,expected,SSP3,rcp45,1.0,0p7,,958.2962873749467,169,ssp3_rcp45,ramsey_prtp1p0_eta0p7,6.865157007163924
bhm_richpoor_sr,bootstrap,expected,SSP3,rcp45,1.0,1p5,,932.4096396567307,169,ssp3_rcp45,ramsey_prtp1p0_eta1p5,6.837772245650342
bhm_richpoor_sr,bootstrap,expected,SSP3,rcp45,2.0,0p7,,421.7228389931948,169,ssp3_rcp45,ramsey_prtp2p0_eta0p7,6.044348318624804
bhm_richpoor_sr,bootstrap,expected,SSP3,rcp45,2.0,1p5,,400.4495958133078,169,ssp3_rcp45,ramsey_prtp2p0_eta1p5,5.992587905437949
bhm_richpoor_sr,bootstrap,expected,SSP3,rcp45,,,3.0,222.8589929885569,169,ssp3_rcp45,fixed_dr3p0,5.406539253025539
bhm_richpoor_sr,bootstrap,expected,SSP3,rcp45,,,5.0,86.80068728320978,169,ssp3_rcp45,fixed_dr5p0,4.463614539644286
bhm_richpoor_sr,bootstrap,expected,SSP3,rcp60,1.0,0p7,,952.0281618601723,169,ssp3_rcp60,ramsey_prtp1p0_eta0p7,6.858594616139728
bhm_richpoor_sr,bootstrap,expected,SSP3,rcp60,1.0,1p5,,943.031907701131,169,ssp3_rcp60,ramsey_prtp1p0_eta1p5,6.849100118435496
bhm_richpoor_sr,bootstrap,expected,SSP3,rcp60,2.0,0p7,,415.5622252682489,169,ssp3_rcp60,ramsey_prtp2p0_eta0p7,6.029632363054316
bhm_richpoor_sr,bootstrap,expected,SSP3,rcp60,2.0,1p5,,399.40717020059793,169,ssp3_rcp60,ramsey_prtp2p0_eta1p5,5.989981373250712
bhm_richpoor_sr,bootstrap,expected,SSP3,rcp60,,,3.0,219.18326334757447,169,ssp3_rcp60,fixed_dr3p0,5.389908198817438
bhm_richpoor_sr,bootstrap,expected,SSP3,rcp60,,,5.0,85.70297392475017,169,ssp3_rcp60,fixed_dr5p0,4.450887526573996
bhm_richpoor_sr,bootstrap,expected,SSP3,rcp85,1.0,0p7,,1005.9459128366719,169,ssp3_rcp85,ramsey_prtp1p0_eta0p7,6.913683584638445
bhm_richpoor_sr,bootstrap,expected,SSP3,rcp85,1.0,1p5,,1592.7258502616562,169,ssp3_rcp85,ramsey_prtp1p0_eta1p5,7.373202198591055
bhm_richpoor_sr,bootstrap,expected,SSP3,rcp85,2.0,0p7,,440.47335946915285,169,ssp3_rcp85,ramsey_prtp2p0_eta0p7,6.087849965611281
bhm_richpoor_sr,bootstrap,expected,SSP3,rcp85,2.0,1p5,,628.4391428797858,169,ssp3_rcp85,ramsey_prtp2p0_eta1p5,6.44323919419295
bhm_richpoor_sr,bootstrap,expected,SSP3,rcp85,,,3.0,169.3842036481681,169,ssp3_rcp85,fixed_dr3p0,5.132169529039835
bhm_richpoor_sr,bootstrap,expected,SSP3,rcp85,,,5.0,77.47686628254361,169,ssp3_rcp85,fixed_dr5p0,4.3499793922193515
bhm_richpoor_sr,bootstrap,expected,SSP4,rcp45,1.0,0p7,,721.8988342281491,169,ssp4_rcp45,ramsey_prtp1p0_eta0p7,6.581885010277693
bhm_richpoor_sr,bootstrap,expected,SSP4,rcp45,1.0,1p5,,562.1159265587996,169,ssp4_rcp45,ramsey_prtp1p0_eta1p5,6.331708103637583
bhm_richpoor_sr,bootstrap,expected,SSP4,rcp45,2.0,0p7,,335.56079080709264,169,ssp4_rcp45,ramsey_prtp2p0_eta0p7,5.815803134653981
bhm_richpoor_sr,bootstrap,expected,SSP4,rcp45,2.0,1p5,,257.3362362452015,169,ssp4_rcp45,ramsey_prtp2p0_eta1p5,5.550383542038641
bhm_richpoor_sr,bootstrap,expected,SSP4,rcp45,,,3.0,239.21514858415077,169,ssp4_rcp45,fixed_dr3p0,5.477363350272503
bhm_richpoor_sr,bootstrap,expected,SSP4,rcp45,,,5.0,94.77349493268612,169,ssp4_rcp45,fixed_dr5p0,4.55148978085094
bhm_richpoor_sr,bootstrap,expected,SSP4,rcp60,1.0,0p7,,712.3687903661059,169,ssp4_rcp60,ramsey_prtp1p0_eta0p7,6.568595741312267
bhm_richpoor_sr,bootstrap,expected,SSP4,rcp60,1.0,1p5,,570.0206040073662,169,ssp4_rcp60,ramsey_prtp1p0_eta1p5,6.345672507556639
bhm_richpoor_sr,bootstrap,expected,SSP4,rcp60,2.0,0p7,,330.25739304720133,169,ssp4_rcp60,ramsey_prtp2p0_eta0p7,5.799872329365951
bhm_richpoor_sr,bootstrap,expected,SSP4,rcp60,2.0,1p5,,255.7800483129158,169,ssp4_rcp60,ramsey_prtp2p0_eta1p5,5.544317888889807
bhm_richpoor_sr,bootstrap,expected,SSP4,rcp60,,,3.0,235.3214442297359,169,ssp4_rcp60,fixed_dr3p0,5.460952427278697
bhm_richpoor_sr,bootstrap,expected,SSP4,rcp60,,,5.0,93.23881110248337,169,ssp4_rcp60,fixed_dr5p0,4.535164063147645
bhm_richpoor_sr,bootstrap,expected,SSP4,rcp85,1.0,0p7,,795.9368583182398,169,ssp4_rcp85,ramsey_prtp1p0_eta0p7,6.679519858977286
bhm_richpoor_sr,bootstrap,expected,SSP4,rcp85,1.0,1p5,,1107.025823277095,169,ssp4_rcp85,ramsey_prtp1p0_eta1p5,7.009432259696809
bhm_richpoor_sr,bootstrap,expected,SSP4,rcp85,2.0,0p7,,364.1663699608255,169,ssp4_rcp85,ramsey_prtp2p0_eta0p7,5.897610823548422
bhm_richpoor_sr,bootstrap,expected,SSP4,rcp85,2.0,1p5,,445.8561426440192,169,ssp4_rcp85,ramsey_prtp2p0_eta1p5,6.099996349864067
bhm_richpoor_sr,bootstrap,expected,SSP4,rcp85,,,3.0,189.61320466964224,169,ssp4_rcp85,fixed_dr3p0,5.244986232277909
bhm_richpoor_sr,bootstrap,expected,SSP4,rcp85,,,5.0,86.48370674952764,169,ssp4_rcp85,fixed_dr5p0,4.459956034918483
bhm_richpoor_sr,bootstrap,expected,SSP5,rcp45,1.0,0p7,,656.0406081306121,169,ssp5_rcp45,ramsey_prtp1p0_eta0p7,6.486222689666328
bhm_richpoor_sr,bootstrap,expected,SSP5,rcp45,1.0,1p5,,213.05327818833996,169,ssp5_rcp45,ramsey_prtp1p0_eta1p5,5.361542266771171
bhm_richpoor_sr,bootstrap,expected,SSP5,rcp45,2.0,0p7,,333.0049390755165,169,ssp5_rcp45,ramsey_prtp2p0_eta0p7,5.808157321929058
bhm_richpoor_sr,bootstrap,expected,SSP5,rcp45,2.0,1p5,,114.60396691143019,169,ssp5_rcp45,ramsey_prtp2p0_eta1p5,4.74148241896453
bhm_richpoor_sr,bootstrap,expected,SSP5,rcp45,,,3.0,656.8550471678533,169,ssp5_rcp45,fixed_dr3p0,6.487463365783162
bhm_richpoor_sr,bootstrap,expected,SSP5,rcp45,,,5.0,223.8932274408329,169,ssp5_rcp45,fixed_dr5p0,5.41116927500445
bhm_richpoor_sr,bootstrap,expected,SSP5,rcp60,1.0,0p7,,650.7242817981837,169,ssp5_rcp60,ramsey_prtp1p0_eta0p7,6.478086022230368
bhm_richpoor_sr,bootstrap,expected,SSP5,rcp60,1.0,1p5,,213.37361476179206,169,ssp5_rcp60,ramsey_prtp1p0_eta1p5,5.363044689057407
bhm_richpoor_sr,bootstrap,expected,SSP5,rcp60,2.0,0p7,,326.2940421889211,169,ssp5_rcp60,ramsey_prtp2p0_eta0p7,5.787798944740953
bhm_richpoor_sr,bootstrap,expected,SSP5,rcp60,2.0,1p5,,111.40690496611842,169,ssp5_rcp60,ramsey_prtp2p0_eta1p5,4.713189309110151
bhm_richpoor_sr,bootstrap,expected,SSP5,rcp60,,,3.0,653.1115798521209,169,ssp5_rcp60,fixed_dr3p0,6.481747987347233
bhm_richpoor_sr,bootstrap,expected,SSP5,rcp60,,,5.0,222.07948237468491,169,ssp5_rcp60,fixed_dr5p0,5.40303534651009
bhm_richpoor_sr,bootstrap,expected,SSP5,rcp85,1.0,0p7,,809.184612271233,169,ssp5_rcp85,ramsey_prtp1p0_eta0p7,6.696027089135564
bhm_richpoor_sr,bootstrap,expected,SSP5,rcp85,1.0,1p5,,369.46738662003804,169,ssp5_rcp85,ramsey_prtp1p0_eta1p5,5.912062472947572
bhm_richpoor_sr,bootstrap,expected,SSP5,rcp85,2.0,0p7,,391.8282321190921,169,ssp5_rcp85,ramsey_prtp2p0_eta0p7,5.970823560390413
bhm_richpoor_sr,bootstrap,expected,SSP5,rcp85,2.0,1p5,,178.613117447527,169,ssp5_rcp85,ramsey_prtp2p0_eta1p5,5.185222111700175
bhm_richpoor_sr,bootstrap,expected,SSP5,rcp85,,,3.0,484.0118398576772,169,ssp5_rcp85,fixed_dr3p0,6.1821093689332915
bhm_richpoor_sr,bootstrap,expected,SSP5,rcp85,,,5.0,192.7160323834577,169,ssp5_rcp85,fixed_dr5p0,5.2612177706282
bhm_richpoor_sr,bootstrap,uncertain,SSP1,rcp45,1.0,0p7,,591.4848120017606,169,ssp1_rcp45,ramsey_prtp1p0_eta0p7,6.3826360059996174
bhm_richpoor_sr,bootstrap,uncertain,SSP1,rcp45,1.0,1p5,,243.00672084830566,169,ssp1_rcp45,ramsey_prtp1p0_eta1p5,5.493089100770035
bhm_richpoor_sr,bootstrap,uncertain,SSP1,rcp45,2.0,0p7,,298.3759968211746,169,ssp1_rcp45,ramsey_prtp2p0_eta0p7,5.698354425486843
bhm_richpoor_sr,bootstrap,uncertain,SSP1,rcp45,2.0,1p5,,127.66385797319703,169,ssp1_rcp45,ramsey_prtp2p0_eta1p5,4.849400700060583
bhm_richpoor_sr,bootstrap,uncertain,SSP1,rcp45,,,3.0,446.6701959444784,169,ssp1_rcp45,fixed_dr3p0,6.101820505613867
bhm_richpoor_sr,bootstrap,uncertain,SSP1,rcp45,,,5.0,161.23940862401233,169,ssp1_rcp45,fixed_dr5p0,5.082890270566801
bhm_richpoor_sr,bootstrap,uncertain,SSP1,rcp60,1.0,0p7,,572.9842184447153,169,ssp1_rcp60,ramsey_prtp1p0_eta0p7,6.350858174354153
bhm_richpoor_sr,bootstrap,uncertain,SSP1,rcp60,1.0,1p5,,234.99016084708072,169,ssp1_rcp60,ramsey_prtp1p0_eta1p5,5.459543644531812
bhm_richpoor_sr,bootstrap,uncertain,SSP1,rcp60,2.0,0p7,,284.5480842825982,169,ssp1_rcp60,ramsey_prtp2p0_eta0p7,5.650902252580848
bhm_richpoor_sr,bootstrap,uncertain,SSP1,rcp60,2.0,1p5,,119.19315193383787,169,ssp1_rcp60,ramsey_prtp2p0_eta1p5,4.780745302761441
bhm_richpoor_sr,bootstrap,uncertain,SSP1,rcp60,,,3.0,440.26806934755496,169,ssp1_rcp60,fixed_dr3p0,6.087383789912946
bhm_richpoor_sr,bootstrap,uncertain,SSP1,rcp60,,,5.0,157.5285844844949,169,ssp1_rcp60,fixed_dr5p0,5.059606930589033
bhm_richpoor_sr,bootstrap,uncertain,SSP1,rcp85,1.0,0p7,,703.3846479128165,169,ssp1_rcp85,ramsey_prtp1p0_eta0p7,6.555903894258364
bhm_richpoor_sr,bootstrap,uncertain,SSP1,rcp85,1.0,1p5,,414.11300352958585,169,ssp1_rcp85,ramsey_prtp1p0_eta1p5,6.026138891965243
bhm_richpoor_sr,bootstrap,uncertain,SSP1,rcp85,2.0,0p7,,340.3319966451497,169,ssp1_rcp85,ramsey_prtp2p0_eta0p7,5.829921601903583
bhm_richpoor_sr,bootstrap,uncertain,SSP1,rcp85,2.0,1p5,,194.5381265474326,169,ssp1_rcp85,ramsey_prtp2p0_eta1p5,5.270628167228545
bhm_richpoor_sr,bootstrap,uncertain,SSP1,rcp85,,,3.0,348.6915979338396,169,ssp1_rcp85,fixed_dr3p0,5.854187857990789
bhm_richpoor_sr,bootstrap,uncertain,SSP1,rcp85,,,5.0,143.64817300323318,169,ssp1_rcp85,fixed_dr5p0,4.967367066954117
bhm_richpoor_sr,bootstrap,uncertain,SSP2,rcp45,1.0,0p7,,714.1895115254937,169,ssp2_rcp45,ramsey_prtp1p0_eta0p7,6.571148349425929
bhm_richpoor_sr,bootstrap,uncertain,SSP2,rcp45,1.0,1p5,,360.55373737960406,169,ssp2_rcp45,ramsey_prtp1p0_eta1p5,5.887641009082457
bhm_richpoor_sr,bootstrap,uncertain,SSP2,rcp45,2.0,0p7,,342.28459756493197,169,ssp2_rcp45,ramsey_prtp2p0_eta0p7,5.835642547634857
bhm_richpoor_sr,bootstrap,uncertain,SSP2,rcp45,2.0,1p5,,180.64461918177108,169,ssp2_rcp45,ramsey_prtp2p0_eta1p5,5.1965316712755385
bhm_richpoor_sr,bootstrap,uncertain,SSP2,rcp45,,,3.0,358.45166332204127,169,ssp2_rcp45,fixed_dr3p0,5.8817938206062665
bhm_richpoor_sr,bootstrap,uncertain,SSP2,rcp45,,,5.0,127.63607543428662,169,ssp2_rcp45,fixed_dr5p0,4.849183053791355
bhm_richpoor_sr,bootstrap,uncertain,SSP2,rcp60,1.0,0p7,,688.7052315343429,169,ssp2_rcp60,ramsey_prtp1p0_eta0p7,6.534813358767399
bhm_richpoor_sr,bootstrap,uncertain,SSP2,rcp60,1.0,1p5,,345.50588666294254,169,ssp2_rcp60,ramsey_prtp1p0_eta1p5,5.845009681160819
bhm_richpoor_sr,bootstrap,uncertain,SSP2,rcp60,2.0,0p7,,327.5194477922128,169,ssp2_rcp60,ramsey_prtp2p0_eta0p7,5.791547435883873
bhm_richpoor_sr,bootstrap,uncertain,SSP2,rcp60,2.0,1p5,,171.0401316150068,169,ssp2_rcp60,ramsey_prtp2p0_eta1p5,5.141898216774842
bhm_richpoor_sr,bootstrap,uncertain,SSP2,rcp60,,,3.0,352.50833045553946,169,ssp2_rcp60,fixed_dr3p0,5.865074254471065
bhm_richpoor_sr,bootstrap,uncertain,SSP2,rcp60,,,5.0,124.70583983940169,169,ssp2_rcp60,fixed_dr5p0,4.825957682699326
bhm_richpoor_sr,bootstrap,uncertain,SSP2,rcp85,1.0,0p7,,828.0026589567447,169,ssp2_rcp85,ramsey_prtp1p0_eta0p7,6.7190163656805195
bhm_richpoor_sr,bootstrap,uncertain,SSP2,rcp85,1.0,1p5,,622.2681168378358,169,ssp2_rcp85,ramsey_prtp1p0_eta1p5,6.43337105587061
bhm_richpoor_sr,bootstrap,uncertain,SSP2,rcp85,2.0,0p7,,384.4126619974747,169,ssp2_rcp85,ramsey_prtp2p0_eta0p7,5.951716616193272
bhm_richpoor_sr,bootstrap,uncertain,SSP2,rcp85,2.0,1p5,,281.61951937614344,169,ssp2_rcp85,ramsey_prtp2p0_eta1p5,5.640556937848065
bhm_richpoor_sr,bootstrap,uncertain,SSP2,rcp85,,,3.0,265.55387807832227,169,ssp2_rcp85,fixed_dr3p0,5.5818177507095115
bhm_richpoor_sr,bootstrap,uncertain,SSP2,rcp85,,,5.0,110.75492180304224,169,ssp2_rcp85,fixed_dr5p0,4.707319848597312
bhm_richpoor_sr,bootstrap,uncertain,SSP3,rcp45,1.0,0p7,,912.6771165476482,169,ssp3_rcp45,ramsey_prtp1p0_eta0p7,6.816382166947805
bhm_richpoor_sr,bootstrap,uncertain,SSP3,rcp45,1.0,1p5,,869.7150581451012,169,ssp3_rcp45,ramsey_prtp1p0_eta1p5,6.768165638628999
bhm_richpoor_sr,bootstrap,uncertain,SSP3,rcp45,2.0,0p7,,402.98222749910207,169,ssp3_rcp45,ramsey_prtp2p0_eta0p7,5.998892460475721
bhm_richpoor_sr,bootstrap,uncertain,SSP3,rcp45,2.0,1p5,,375.84075433747313,169,ssp3_rcp45,ramsey_prtp2p0_eta1p5,5.929165527979345
bhm_richpoor_sr,bootstrap,uncertain,SSP3,rcp45,,,3.0,208.2217747148533,169,ssp3_rcp45,fixed_dr3p0,5.3386037362782375
bhm_richpoor_sr,bootstrap,uncertain,SSP3,rcp45,,,5.0,83.29957051518014,169,ssp3_rcp45,fixed_dr5p0,4.422443393279315
bhm_richpoor_sr,bootstrap,uncertain,SSP3,rcp60,1.0,0p7,,881.8305715891513,169,ssp3_rcp60,ramsey_prtp1p0_eta0p7,6.781999941850138
bhm_richpoor_sr,bootstrap,uncertain,SSP3,rcp60,1.0,1p5,,847.6528493477488,169,ssp3_rcp60,ramsey_prtp1p0_eta1p5,6.742471176205603
bhm_richpoor_sr,bootstrap,uncertain,SSP3,rcp60,2.0,0p7,,386.96126828265795,169,ssp3_rcp60,ramsey_prtp2p0_eta0p7,5.958324606064292
bhm_richpoor_sr,bootstrap,uncertain,SSP3,rcp60,2.0,1p5,,362.29503477480165,169,ssp3_rcp60,ramsey_prtp2p0_eta1p5,5.892458893072927
bhm_richpoor_sr,bootstrap,uncertain,SSP3,rcp60,,,3.0,204.88328499149787,169,ssp3_rcp60,fixed_dr3p0,5.3224404754971015
bhm_richpoor_sr,bootstrap,uncertain,SSP3,rcp60,,,5.0,81.16708081165713,169,ssp3_rcp60,fixed_dr5p0,4.396509756243864
bhm_richpoor_sr,bootstrap,uncertain,SSP3,rcp85,1.0,0p7,,951.8621426075424,169,ssp3_rcp85,ramsey_prtp1p0_eta0p7,6.858420216120293
bhm_richpoor_sr,bootstrap,uncertain,SSP3,rcp85,1.0,1p5,,1475.8465342621075,169,ssp3_rcp85,ramsey_prtp1p0_eta1p5,7.296987025677576
bhm_richpoor_sr,bootstrap,uncertain,SSP3,rcp85,2.0,0p7,,421.17816975313605,169,ssp3_rcp85,ramsey_prtp2p0_eta0p7,6.043055950220409
bhm_richpoor_sr,bootstrap,uncertain,SSP3,rcp85,2.0,1p5,,588.044188483114,169,ssp3_rcp85,ramsey_prtp2p0_eta1p5,6.3768020955564575
bhm_richpoor_sr,bootstrap,uncertain,SSP3,rcp85,,,3.0,159.80935944280486,169,ssp3_rcp85,fixed_dr3p0,5.073981601346727
bhm_richpoor_sr,bootstrap,uncertain,SSP3,rcp85,,,5.0,75.0085220090866,169,ssp3_rcp85,fixed_dr5p0,4.317601733869098
bhm_richpoor_sr,bootstrap,uncertain,SSP4,rcp45,1.0,0p7,,687.7202383708957,169,ssp4_rcp45,ramsey_prtp1p0_eta0p7,6.533382124961974
bhm_richpoor_sr,bootstrap,uncertain,SSP4,rcp45,1.0,1p5,,520.996547044942,169,ssp4_rcp45,ramsey_prtp1p0_eta1p5,6.25574341417851
bhm_richpoor_sr,bootstrap,uncertain,SSP4,rcp45,2.0,0p7,,321.8412197603715,169,ssp4_rcp45,ramsey_prtp2p0_eta0p7,5.774058317593248
bhm_richpoor_sr,bootstrap,uncertain,SSP4,rcp45,2.0,1p5,,240.2179797614684,169,ssp4_rcp45,ramsey_prtp2p0_eta1p5,5.481546760139554
bhm_richpoor_sr,bootstrap,uncertain,SSP4,rcp45,,,3.0,223.29339793649157,169,ssp4_rcp45,fixed_dr3p0,5.408486592517817
bhm_richpoor_sr,bootstrap,uncertain,SSP4,rcp45,,,5.0,90.92148079890465,169,ssp4_rcp45,fixed_dr5p0,4.5099962856852445
bhm_richpoor_sr,bootstrap,uncertain,SSP4,rcp60,1.0,0p7,,665.7605433581565,169,ssp4_rcp60,ramsey_prtp1p0_eta0p7,6.500930061381493
bhm_richpoor_sr,bootstrap,uncertain,SSP4,rcp60,1.0,1p5,,506.16843972055017,169,ssp4_rcp60,ramsey_prtp1p0_eta1p5,6.226869498716828
bhm_richpoor_sr,bootstrap,uncertain,SSP4,rcp60,2.0,0p7,,306.9531927281957,169,ssp4_rcp60,ramsey_prtp2p0_eta0p7,5.726695269279569
bhm_richpoor_sr,bootstrap,uncertain,SSP4,rcp60,2.0,1p5,,230.39755693122441,169,ssp4_rcp60,ramsey_prtp2p0_eta1p5,5.4398063251684015
bhm_richpoor_sr,bootstrap,uncertain,SSP4,rcp60,,,3.0,219.25642972437194,169,ssp4_rcp60,fixed_dr3p0,5.390241956817149
bhm_richpoor_sr,bootstrap,uncertain,SSP4,rcp60,,,5.0,88.00495486119527,169,ssp4_rcp60,fixed_dr5p0,4.477393118133981
bhm_richpoor_sr,bootstrap,uncertain,SSP4,rcp85,1.0,0p7,,754.3924242847781,169,ssp4_rcp85,ramsey_prtp1p0_eta0p7,6.6259126892285005
bhm_richpoor_sr,bootstrap,uncertain,SSP4,rcp85,1.0,1p5,,1001.1216044891805,169,ssp4_rcp85,ramsey_prtp1p0_eta1p5,6.908876254942932
bhm_richpoor_sr,bootstrap,uncertain,SSP4,rcp85,2.0,0p7,,348.34645658177516,169,ssp4_rcp85,ramsey_prtp2p0_eta0p7,5.85319754941858
bhm_richpoor_sr,bootstrap,uncertain,SSP4,rcp85,2.0,1p5,,408.8779254012886,169,ssp4_rcp85,ramsey_prtp2p0_eta1p5,6.013416640590003
bhm_richpoor_sr,bootstrap,uncertain,SSP4,rcp85,,,3.0,177.70032265874352,169,ssp4_rcp85,fixed_dr3p0,5.18009855090878
bhm_richpoor_sr,bootstrap,uncertain,SSP4,rcp85,,,5.0,83.77100096483711,169,ssp4_rcp85,fixed_dr5p0,4.428086897059796
bhm_richpoor_sr,bootstrap,uncertain,SSP5,rcp45,1.0,0p7,,625.6101794656774,169,ssp5_rcp45,ramsey_prtp1p0_eta0p7,6.438727460623142
bhm_richpoor_sr,bootstrap,uncertain,SSP5,rcp45,1.0,1p5,,199.46016810436092,169,ssp5_rcp45,ramsey_prtp1p0_eta1p5,5.295614557770724
bhm_richpoor_sr,bootstrap,uncertain,SSP5,rcp45,2.0,0p7,,317.2842108558795,169,ssp5_rcp45,ramsey_prtp2p0_eta0p7,5.759797936417783
bhm_richpoor_sr,bootstrap,uncertain,SSP5,rcp45,2.0,1p5,,108.35104772956069,169,ssp5_rcp45,ramsey_prtp2p0_eta1p5,4.685376397797735
bhm_richpoor_sr,bootstrap,uncertain,SSP5,rcp45,,,3.0,610.2983986168886,169,ssp5_rcp45,fixed_dr3p0,6.413948015619248
bhm_richpoor_sr,bootstrap,uncertain,SSP5,rcp45,,,5.0,211.90290915323183,169,ssp5_rcp45,fixed_dr5p0,5.356128194076812
bhm_richpoor_sr,bootstrap,uncertain,SSP5,rcp60,1.0,0p7,,602.4892625690093,169,ssp5_rcp60,ramsey_prtp1p0_eta0p7,6.40106984374378
bhm_richpoor_sr,bootstrap,uncertain,SSP5,rcp60,1.0,1p5,,190.51563821615858,169,ssp5_rcp60,ramsey_prtp1p0_eta1p5,5.249734281571061
bhm_richpoor_sr,bootstrap,uncertain,SSP5,rcp60,2.0,0p7,,304.4670731397067,169,ssp5_rcp60,ramsey_prtp2p0_eta0p7,5.718562947114874
bhm_richpoor_sr,bootstrap,uncertain,SSP5,rcp60,2.0,1p5,,101.29191125681643,169,ssp5_rcp60,ramsey_prtp2p0_eta1p5,4.618006558676737
bhm_richpoor_sr,bootstrap,uncertain,SSP5,rcp60,,,3.0,605.4362298144152,169,ssp5_rcp60,fixed_dr3p0,6.405949239221219
bhm_richpoor_sr,bootstrap,uncertain,SSP5,rcp60,,,5.0,208.23026566493004,169,ssp5_rcp60,fixed_dr5p0,5.338644513843262
bhm_richpoor_sr,bootstrap,uncertain,SSP5,rcp85,1.0,0p7,,768.7395919609231,169,ssp5_rcp85,ramsey_prtp1p0_eta0p7,6.644752280116456
bhm_richpoor_sr,bootstrap,uncertain,SSP5,rcp85,1.0,1p5,,343.4743624557241,169,ssp5_rcp85,ramsey_prtp1p0_eta1p5,5.839112472649105
bhm_richpoor_sr,bootstrap,uncertain,SSP5,rcp85,2.0,0p7,,374.329228981525,169,ssp5_rcp85,ramsey_prtp2p0_eta0p7,5.925135701579747
bhm_richpoor_sr,bootstrap,uncertain,SSP5,rcp85,2.0,1p5,,167.50010127176668,169,ssp5_rcp85,ramsey_prtp2p0_eta1p5,5.120983955872501
bhm_richpoor_sr,bootstrap,uncertain,SSP5,rcp85,,,3.0,456.47580871555715,169,ssp5_rcp85,fixed_dr3p0,6.123535705674784
bhm_richpoor_sr,bootstrap,uncertain,SSP5,rcp85,,,5.0,184.08661748103657,169,ssp5_rcp85,fixed_dr5p0,5.21540639402184
bhm_richpoor_sr,estimates,expected,SSP1,rcp45,1.0,0p7,,576.2903989097134,169,ssp1_rcp45,ramsey_prtp1p0_eta0p7,6.35661169842134
bhm_richpoor_sr,estimates,expected,SSP1,rcp45,1.0,1p5,,236.86401140403018,169,ssp1_rcp45,ramsey_prtp1p0_eta1p5,5.467486184909588
bhm_richpoor_sr,estimates,expected,SSP1,rcp45,2.0,0p7,,289.1136010572405,169,ssp1_rcp45,ramsey_prtp2p0_eta0p7,5.666819694118501
bhm_richpoor_sr,estimates,expected,SSP1,rcp45,2.0,1p5,,122.41488198855058,169,ssp1_rcp45,ramsey_prtp2p0_eta1p5,4.8074159475611635
bhm_richpoor_sr,estimates,expected,SSP1,rcp45,,,3.0,464.72763079013794,169,ssp1_rcp45,fixed_dr3p0,6.1414514937382645
bhm_richpoor_sr,estimates,expected,SSP1,rcp45,,,5.0,160.76173182783032,169,ssp1_rcp45,fixed_dr5p0,5.079923342276336
bhm_richpoor_sr,estimates,expected,SSP1,rcp60,1.0,0p7,,570.9048100981951,169,ssp1_rcp60,ramsey_prtp1p0_eta0p7,6.347222488400116
bhm_richpoor_sr,estimates,expected,SSP1,rcp60,1.0,1p5,,235.28340142565835,169,ssp1_rcp60,ramsey_prtp1p0_eta1p5,5.4607907510677025
bhm_richpoor_sr,estimates,expected,SSP1,rcp60,2.0,0p7,,284.0828005110739,169,ssp1_rcp60,ramsey_prtp2p0_eta0p7,5.649265746763775
bhm_richpoor_sr,estimates,expected,SSP1,rcp60,2.0,1p5,,119.07869519500304,169,ssp1_rcp60,ramsey_prtp2p0_eta1p5,4.779784578705977
bhm_richpoor_sr,estimates,expected,SSP1,rcp60,,,3.0,460.20937840926274,169,ssp1_rcp60,fixed_dr3p0,6.131681556379411
bhm_richpoor_sr,estimates,expected,SSP1,rcp60,,,5.0,159.60165276881426,169,ssp1_rcp60,fixed_dr5p0,5.072681040656414
bhm_richpoor_sr,estimates,expected,SSP1,rcp85,1.0,0p7,,686.0380775672162,169,ssp1_rcp85,ramsey_prtp1p0_eta0p7,6.530933132843197
bhm_richpoor_sr,estimates,expected,SSP1,rcp85,1.0,1p5,,402.0099564324121,169,ssp1_rcp85,ramsey_prtp1p0_eta1p5,5.996476855557124
bhm_richpoor_sr,estimates,expected,SSP1,rcp85,2.0,0p7,,330.8574019150329,169,ssp1_rcp85,ramsey_prtp2p0_eta0p7,5.801687472627434
bhm_richpoor_sr,estimates,expected,SSP1,rcp85,2.0,1p5,,188.6368372801599,169,ssp1_rcp85,ramsey_prtp2p0_eta1p5,5.239823670746051
bhm_richpoor_sr,estimates,expected,SSP1,rcp85,,,3.0,366.37797254715366,169,ssp1_rcp85,fixed_dr3p0,5.903665512398767
bhm_richpoor_sr,estimates,expected,SSP1,rcp85,,,5.0,142.5103861445666,169,ssp1_rcp85,fixed_dr5p0,4.959414882277735
bhm_richpoor_sr,estimates,expected,SSP2,rcp45,1.0,0p7,,697.1165266183887,169,ssp2_rcp45,ramsey_prtp1p0_eta0p7,6.546952579883671
bhm_richpoor_sr,estimates,expected,SSP2,rcp45,1.0,1p5,,353.6356912600094,169,ssp2_rcp45,ramsey_prtp1p0_eta1p5,5.8682672624910035
bhm_richpoor_sr,estimates,expected,SSP2,rcp45,2.0,0p7,,333.40920843723836,169,ssp2_rcp45,ramsey_prtp2p0_eta0p7,5.809370589723032
bhm_richpoor_sr,estimates,expected,SSP2,rcp45,2.0,1p5,,176.6877927946626,169,ssp2_rcp45,ramsey_prtp2p0_eta1p5,5.174384292585298
bhm_richpoor_sr,estimates,expected,SSP2,rcp45,,,3.0,372.6533938978081,169,ssp2_rcp45,fixed_dr3p0,5.920648748753849
bhm_richpoor_sr,estimates,expected,SSP2,rcp45,,,5.0,126.42550783244602,169,ssp2_rcp45,fixed_dr5p0,4.8396532638252605
bhm_richpoor_sr,estimates,expected,SSP2,rcp60,1.0,0p7,,691.6092144491485,169,ssp2_rcp60,ramsey_prtp1p0_eta0p7,6.539021077099716
bhm_richpoor_sr,estimates,expected,SSP2,rcp60,1.0,1p5,,352.429062039713,169,ssp2_rcp60,ramsey_prtp1p0_eta1p5,5.864849359559816
bhm_richpoor_sr,estimates,expected,SSP2,rcp60,2.0,0p7,,328.4161251082775,169,ssp2_rcp60,ramsey_prtp2p0_eta0p7,5.794281478407758
bhm_richpoor_sr,estimates,expected,SSP2,rcp60,2.0,1p5,,172.90122609662674,169,ssp2_rcp60,ramsey_prtp2p0_eta1p5,5.152720484026894
bhm_richpoor_sr,estimates,expected,SSP2,rcp60,,,3.0,368.53153980511814,169,ssp2_rcp60,fixed_dr3p0,5.909526297668615
bhm_richpoor_sr,estimates,expected,SSP2,rcp60,,,5.0,125.35443906410836,169,ssp2_rcp60,fixed_dr5p0,4.831145237332736
bhm_richpoor_sr,estimates,expected,SSP2,rcp85,1.0,0p7,,813.3038118863453,169,ssp2_rcp85,ramsey_prtp1p0_eta0p7,6.70110473209934
bhm_richpoor_sr,estimates,expected,SSP2,rcp85,1.0,1p5,,608.9240828149055,169,ssp2_rcp85,ramsey_prtp1p0_eta1p5,6.41169360117893
bhm_richpoor_sr,estimates,expected,SSP2,rcp85,2.0,0p7,,375.0099193578063,169,ssp2_rcp85,ramsey_prtp2p0_eta0p7,5.9269524772413895
bhm_richpoor_sr,estimates,expected,SSP2,rcp85,2.0,1p5,,273.69878900814064,169,ssp2_rcp85,ramsey_prtp2p0_eta1p5,5.612028191514159
bhm_richpoor_sr,estimates,expected,SSP2,rcp85,,,3.0,281.2812805365417,169,ssp2_rcp85,fixed_dr3p0,5.63935516701966
bhm_richpoor_sr,estimates,expected,SSP2,rcp85,,,5.0,109.9671185329286,169,ssp2_rcp85,fixed_dr5p0,4.70018139867828
bhm_richpoor_sr,estimates,expected,SSP3,rcp45,1.0,0p7,,907.776540728372,169,ssp3_rcp45,ramsey_prtp1p0_eta0p7,6.810998247794177
bhm_richpoor_sr,estimates,expected,SSP3,rcp45,1.0,1p5,,876.7955747889648,169,ssp3_rcp45,ramsey_prtp1p0_eta1p5,6.776273869179378
bhm_richpoor_sr,estimates,expected,SSP3,rcp45,2.0,0p7,,398.029760350576,169,ssp3_rcp45,ramsey_prtp2p0_eta0p7,5.986526777239137
bhm_richpoor_sr,estimates,expected,SSP3,rcp45,2.0,1p5,,376.4382372951515,169,ssp3_rcp45,ramsey_prtp2p0_eta1p5,5.930753989414412
bhm_richpoor_sr,estimates,expected,SSP3,rcp45,,,3.0,211.00994162285923,169,ssp3_rcp45,fixed_dr3p0,5.351905249062125
bhm_richpoor_sr,estimates,expected,SSP3,rcp45,,,5.0,81.19076495638812,169,ssp3_rcp45,fixed_dr5p0,4.396801508635465
bhm_richpoor_sr,estimates,expected,SSP3,rcp60,1.0,0p7,,902.5028781299056,169,ssp3_rcp60,ramsey_prtp1p0_eta0p7,6.805171879265559
bhm_richpoor_sr,estimates,expected,SSP3,rcp60,1.0,1p5,,887.9869046840901,169,ssp3_rcp60,ramsey_prtp1p0_eta1p5,6.788956995906056
bhm_richpoor_sr,estimates,expected,SSP3,rcp60,2.0,0p7,,393.3870323755142,169,ssp3_rcp60,ramsey_prtp2p0_eta0p7,5.974793942461781
bhm_richpoor_sr,estimates,expected,SSP3,rcp60,2.0,1p5,,375.5888726783899,169,ssp3_rcp60,ramsey_prtp2p0_eta1p5,5.928495121438369
bhm_richpoor_sr,estimates,expected,SSP3,rcp60,,,3.0,207.75619905400356,169,ssp3_rcp60,fixed_dr3p0,5.336365272298824
bhm_richpoor_sr,estimates,expected,SSP3,rcp60,,,5.0,80.11688340646391,169,ssp3_rcp60,fixed_dr5p0,4.383486610970434
bhm_richpoor_sr,estimates,expected,SSP3,rcp85,1.0,0p7,,957.9805068403401,169,ssp3_rcp85,ramsey_prtp1p0_eta0p7,6.864827429998018
bhm_richpoor_sr,estimates,expected,SSP3,rcp85,1.0,1p5,,1501.8214224902488,169,ssp3_rcp85,ramsey_prtp1p0_eta1p5,7.314433932106761
bhm_richpoor_sr,estimates,expected,SSP3,rcp85,2.0,0p7,,417.161305360335,169,ssp3_rcp85,ramsey_prtp2p0_eta0p7,6.0334729704079955
bhm_richpoor_sr,estimates,expected,SSP3,rcp85,2.0,1p5,,592.1905517366699,169,ssp3_rcp85,ramsey_prtp2p0_eta1p5,6.383828461025981
bhm_richpoor_sr,estimates,expected,SSP3,rcp85,,,3.0,162.37521671864073,169,ssp3_rcp85,fixed_dr3p0,5.089909809669724
bhm_richpoor_sr,estimates,expected,SSP3,rcp85,,,5.0,72.70655974029333,169,ssp3_rcp85,fixed_dr5p0,4.2864316107343505
bhm_richpoor_sr,estimates,expected,SSP4,rcp45,1.0,0p7,,679.040500740417,169,ssp4_rcp45,ramsey_prtp1p0_eta0p7,6.520680773409327
bhm_richpoor_sr,estimates,expected,SSP4,rcp45,1.0,1p5,,535.2612575017799,169,ssp4_rcp45,ramsey_prtp1p0_eta1p5,6.282754959479874
bhm_richpoor_sr,estimates,expected,SSP4,rcp45,2.0,0p7,,314.874300319178,169,ssp4_rcp45,ramsey_prtp2p0_eta0p7,5.7521735125795646
bhm_richpoor_sr,estimates,expected,SSP4,rcp45,2.0,1p5,,243.16712180961497,169,ssp4_rcp45,ramsey_prtp2p0_eta1p5,5.49374895102546
bhm_richpoor_sr,estimates,expected,SSP4,rcp45,,,3.0,223.25944119780007,169,ssp4_rcp45,fixed_dr3p0,5.408334508662197
bhm_richpoor_sr,estimates,expected,SSP4,rcp45,,,5.0,87.7108806318463,169,ssp4_rcp45,fixed_dr5p0,4.474045958180203
bhm_richpoor_sr,estimates,expected,SSP4,rcp60,1.0,0p7,,671.6788760285144,169,ssp4_rcp60,ramsey_prtp1p0_eta0p7,6.509780363257408
bhm_richpoor_sr,estimates,expected,SSP4,rcp60,1.0,1p5,,542.0566344450921,169,ssp4_rcp60,ramsey_prtp1p0_eta1p5,6.29537048757689
bhm_richpoor_sr,estimates,expected,SSP4,rcp60,2.0,0p7,,309.3971849241198,169,ssp4_rcp60,ramsey_prtp2p0_eta0p7,5.734625839597638
bhm_richpoor_sr,estimates,expected,SSP4,rcp60,2.0,1p5,,241.64118703869778,169,ssp4_rcp60,ramsey_prtp2p0_eta1p5,5.487453927684802
bhm_richpoor_sr,estimates,expected,SSP4,rcp60,,,3.0,219.0389742646214,169,ssp4_rcp60,fixed_dr3p0,5.389249678661303
bhm_richpoor_sr,estimates,expected,SSP4,rcp60,,,5.0,86.22243106432047,169,ssp4_rcp60,fixed_dr5p0,4.456930364981804
bhm_richpoor_sr,estimates,expected,SSP4,rcp85,1.0,0p7,,750.5083663205063,169,ssp4_rcp85,ramsey_prtp1p0_eta0p7,6.620750798673615
bhm_richpoor_sr,estimates,expected,SSP4,rcp85,1.0,1p5,,1092.347054518917,169,ssp4_rcp85,ramsey_prtp1p0_eta1p5,6.996083921305718
bhm_richpoor_sr,estimates,expected,SSP4,rcp85,2.0,0p7,,342.3238172182903,169,ssp4_rcp85,ramsey_prtp2p0_eta0p7,5.835757123069673
bhm_richpoor_sr,estimates,expected,SSP4,rcp85,2.0,1p5,,434.5143565852535,169,ssp4_rcp85,ramsey_prtp2p0_eta1p5,6.074228985782723
bhm_richpoor_sr,estimates,expected,SSP4,rcp85,,,3.0,177.02272716390638,169,ssp4_rcp85,fixed_dr3p0,5.176278126386959
bhm_richpoor_sr,estimates,expected,SSP4,rcp85,,,5.0,80.00705046616322,169,ssp4_rcp85,fixed_dr5p0,4.382114761617629
bhm_richpoor_sr,estimates,expected,SSP5,rcp45,1.0,0p7,,601.3852545097026,169,ssp5_rcp45,ramsey_prtp1p0_eta0p7,6.3992357516467635
bhm_richpoor_sr,estimates,expected,SSP5,rcp45,1.0,1p5,,191.1168654787927,169,ssp5_rcp45,ramsey_prtp1p0_eta1p5,5.2528851020814304
bhm_richpoor_sr,estimates,expected,SSP5,rcp45,2.0,0p7,,305.5367539901571,169,ssp5_rcp45,ramsey_prtp2p0_eta0p7,5.722070079035353
bhm_richpoor_sr,estimates,expected,SSP5,rcp45,2.0,1p5,,102.6065589156238,169,ssp5_rcp45,ramsey_prtp2p0_eta1p5,4.630901857746285
bhm_richpoor_sr,estimates,expected,SSP5,rcp45,,,3.0,640.2666807154947,169,ssp5_rcp45,fixed_dr3p0,6.461884778181084
bhm_richpoor_sr,estimates,expected,SSP5,rcp45,,,5.0,212.37430313235637,169,ssp5_rcp45,fixed_dr5p0,5.358350298679385
bhm_richpoor_sr,estimates,expected,SSP5,rcp60,1.0,0p7,,596.8417673190938,169,ssp5_rcp60,ramsey_prtp1p0_eta0p7,6.391652031894929
bhm_richpoor_sr,estimates,expected,SSP5,rcp60,1.0,1p5,,190.7535469398799,169,ssp5_rcp60,ramsey_prtp1p0_eta1p5,5.250982264696169
bhm_richpoor_sr,estimates,expected,SSP5,rcp60,2.0,0p7,,300.25141626289263,169,ssp5_rcp60,ramsey_prtp2p0_eta0p7,5.704620177894489
bhm_richpoor_sr,estimates,expected,SSP5,rcp60,2.0,1p5,,99.65968181036968,169,ssp5_rcp60,ramsey_prtp2p0_eta1p5,4.601761200096503
bhm_richpoor_sr,estimates,expected,SSP5,rcp60,,,3.0,632.7966808472158,169,ssp5_rcp60,fixed_dr3p0,6.450149171255137
bhm_richpoor_sr,estimates,expected,SSP5,rcp60,,,5.0,210.80898404537663,169,ssp5_rcp60,fixed_dr5p0,5.350952434570136
bhm_richpoor_sr,estimates,expected,SSP5,rcp85,1.0,0p7,,745.4976536202039,169,ssp5_rcp85,ramsey_prtp1p0_eta0p7,6.614051986809101
bhm_richpoor_sr,estimates,expected,SSP5,rcp85,1.0,1p5,,333.214619749812,169,ssp5_rcp85,ramsey_prtp1p0_eta1p5,5.808786786130285
bhm_richpoor_sr,estimates,expected,SSP5,rcp85,2.0,0p7,,362.10781333784,169,ssp5_rcp85,ramsey_prtp2p0_eta0p7,5.891941994384254
bhm_richpoor_sr,estimates,expected,SSP5,rcp85,2.0,1p5,,161.69041861119447,169,ssp5_rcp85,ramsey_prtp2p0_eta1p5,5.0856835107223
bhm_richpoor_sr,estimates,expected,SSP5,rcp85,,,3.0,487.0263338737495,169,ssp5_rcp85,fixed_dr3p0,6.188318195283392
bhm_richpoor_sr,estimates,expected,SSP5,rcp85,,,5.0,184.08961251364357,169,ssp5_rcp85,fixed_dr5p0,5.215422663581703
bhm_richpoor_sr,estimates,uncertain,SSP1,rcp45,1.0,0p7,,539.1074995832853,169,ssp1_rcp45,ramsey_prtp1p0_eta0p7,6.289914993663562
bhm_richpoor_sr,estimates,uncertain,SSP1,rcp45,1.0,1p5,,216.2202449488878,169,ssp1_rcp45,ramsey_prtp1p0_eta1p5,5.3762975407327644
bhm_richpoor_sr,estimates,uncertain,SSP1,rcp45,2.0,0p7,,270.2601041198411,169,ssp1_rcp45,ramsey_prtp2p0_eta0p7,5.5993848438679175
bhm_richpoor_sr,estimates,uncertain,SSP1,rcp45,2.0,1p5,,111.91912844363647,169,ssp1_rcp45,ramsey_prtp2p0_eta1p5,4.71777654301129
bhm_richpoor_sr,estimates,uncertain,SSP1,rcp45,,,3.0,445.84584111425454,169,ssp1_rcp45,fixed_dr3p0,6.099973244544233
bhm_richpoor_sr,estimates,uncertain,SSP1,rcp45,,,5.0,152.80321367451143,169,ssp1_rcp45,fixed_dr5p0,5.029150908412506
bhm_richpoor_sr,estimates,uncertain,SSP1,rcp60,1.0,0p7,,516.651573834687,169,ssp1_rcp60,ramsey_prtp1p0_eta0p7,6.247368708885642
bhm_richpoor_sr,estimates,uncertain,SSP1,rcp60,1.0,1p5,,202.84167646744118,169,ssp1_rcp60,ramsey_prtp1p0_eta1p5,5.31242575586723
bhm_richpoor_sr,estimates,uncertain,SSP1,rcp60,2.0,0p7,,257.3921086175493,169,ssp1_rcp60,ramsey_prtp2p0_eta0p7,5.55060063664058
bhm_richpoor_sr,estimates,uncertain,SSP1,rcp60,2.0,1p5,,103.98030514918304,169,ssp1_rcp60,ramsey_prtp2p0_eta1p5,4.6442015076423875
bhm_richpoor_sr,estimates,uncertain,SSP1,rcp60,,,3.0,429.8000053802098,169,ssp1_rcp60,fixed_dr3p0,6.0633199967263485
bhm_richpoor_sr,estimates,uncertain,SSP1,rcp60,,,5.0,148.10899683722795,169,ssp1_rcp60,fixed_dr5p0,4.997948467823161
bhm_richpoor_sr,estimates,uncertain,SSP1,rcp85,1.0,0p7,,658.6002747319287,169,ssp1_rcp85,ramsey_prtp1p0_eta0p7,6.490116787087529
bhm_richpoor_sr,estimates,uncertain,SSP1,rcp85,1.0,1p5,,371.4402306751718,169,ssp1_rcp85,ramsey_prtp1p0_eta1p5,5.917387964740905
bhm_richpoor_sr,estimates,uncertain,SSP1,rcp85,2.0,0p7,,317.13736832423575,169,ssp1_rcp85,ramsey_prtp2p0_eta0p7,5.7593350185754995
bhm_richpoor_sr,estimates,uncertain,SSP1,rcp85,2.0,1p5,,175.22057900756528,169,ssp1_rcp85,ramsey_prtp2p0_eta1p5,5.166045631693238
bhm_richpoor_sr,estimates,uncertain,SSP1,rcp85,,,3.0,352.8006466317648,169,ssp1_rcp85,fixed_dr3p0,5.865903156987432
bhm_richpoor_sr,estimates,uncertain,SSP1,rcp85,,,5.0,137.0526051964175,169,ssp1_rcp85,fixed_dr5p0,4.920364831662743
bhm_richpoor_sr,estimates,uncertain,SSP2,rcp45,1.0,0p7,,654.1338846962399,169,ssp2_rcp45,ramsey_prtp1p0_eta0p7,6.483312047166519
bhm_richpoor_sr,estimates,uncertain,SSP2,rcp45,1.0,1p5,,324.8363867098946,169,ssp2_rcp45,ramsey_prtp1p0_eta1p5,5.783321630060555
bhm_richpoor_sr,estimates,uncertain,SSP2,rcp45,2.0,0p7,,312.4066834927046,169,ssp2_rcp45,ramsey_prtp2p0_eta0p7,5.744305811759424
bhm_richpoor_sr,estimates,uncertain,SSP2,rcp45,2.0,1p5,,162.79995684259313,169,ssp2_rcp45,ramsey_prtp2p0_eta1p5,5.092522188473768
bhm_richpoor_sr,estimates,uncertain,SSP2,rcp45,,,3.0,357.9940291915688,169,ssp2_rcp45,fixed_dr3p0,5.880516308025776
bhm_richpoor_sr,estimates,uncertain,SSP2,rcp45,,,5.0,120.19146883563702,169,ssp2_rcp45,fixed_dr5p0,4.789086044837164
bhm_richpoor_sr,estimates,uncertain,SSP2,rcp60,1.0,0p7,,627.0034835901432,169,ssp2_rcp60,ramsey_prtp1p0_eta0p7,6.4409520965826275
bhm_richpoor_sr,estimates,uncertain,SSP2,rcp60,1.0,1p5,,304.9239804861741,169,ssp2_rcp60,ramsey_prtp1p0_eta1p5,5.7200625012332615
bhm_richpoor_sr,estimates,uncertain,SSP2,rcp60,2.0,0p7,,298.67121784725356,169,ssp2_rcp60,ramsey_prtp2p0_eta0p7,5.699343362518577
bhm_richpoor_sr,estimates,uncertain,SSP2,rcp60,2.0,1p5,,151.20482033494454,169,ssp2_rcp60,ramsey_prtp2p0_eta1p5,5.01863534375938
bhm_richpoor_sr,estimates,uncertain,SSP2,rcp60,,,3.0,345.1332130182892,169,ssp2_rcp60,fixed_dr3p0,5.843930467195099
bhm_richpoor_sr,estimates,uncertain,SSP2,rcp60,,,5.0,116.52930296704189,169,ssp2_rcp60,fixed_dr5p0,4.758142768992082
bhm_richpoor_sr,estimates,uncertain,SSP2,rcp85,1.0,0p7,,781.5191138988707,169,ssp2_rcp85,ramsey_prtp1p0_eta0p7,6.661239607526446
bhm_richpoor_sr,estimates,uncertain,SSP2,rcp85,1.0,1p5,,560.2549786493508,169,ssp2_rcp85,ramsey_prtp1p0_eta1p5,6.328391999119644
bhm_richpoor_sr,estimates,uncertain,SSP2,rcp85,2.0,0p7,,359.76109347243636,169,ssp2_rcp85,ramsey_prtp2p0_eta0p7,5.885440181907567
bhm_richpoor_sr,estimates,uncertain,SSP2,rcp85,2.0,1p5,,253.34583560841654,169,ssp2_rcp85,ramsey_prtp2p0_eta1p5,5.534755494480397
bhm_richpoor_sr,estimates,uncertain,SSP2,rcp85,,,3.0,270.97915584283817,169,ssp2_rcp85,fixed_dr3p0,5.602041902212452
bhm_richpoor_sr,estimates,uncertain,SSP2,rcp85,,,5.0,105.38432167239036,169,ssp2_rcp85,fixed_dr5p0,4.657613874306439
bhm_richpoor_sr,estimates,uncertain,SSP3,rcp45,1.0,0p7,,851.4509053499767,169,ssp3_rcp45,ramsey_prtp1p0_eta0p7,6.746941841775797
bhm_richpoor_sr,estimates,uncertain,SSP3,rcp45,1.0,1p5,,802.1523277105629,169,ssp3_rcp45,ramsey_prtp1p0_eta1p5,6.687298524632384
bhm_richpoor_sr,estimates,uncertain,SSP3,rcp45,2.0,0p7,,374.59850549201957,169,ssp3_rcp45,ramsey_prtp2p0_eta0p7,5.925854800391831
bhm_richpoor_sr,estimates,uncertain,SSP3,rcp45,2.0,1p5,,346.68418634003876,169,ssp3_rcp45,ramsey_prtp2p0_eta1p5,5.8484142397096734
bhm_richpoor_sr,estimates,uncertain,SSP3,rcp45,,,3.0,201.67971642574588,169,ssp3_rcp45,fixed_dr3p0,5.306680876818312
bhm_richpoor_sr,estimates,uncertain,SSP3,rcp45,,,5.0,76.64671135054373,169,ssp3_rcp45,fixed_dr5p0,4.339206699642577
bhm_richpoor_sr,estimates,uncertain,SSP3,rcp60,1.0,0p7,,818.4118028754762,169,ssp3_rcp60,ramsey_prtp1p0_eta0p7,6.707365636424278
bhm_richpoor_sr,estimates,uncertain,SSP3,rcp60,1.0,1p5,,763.5686470609307,169,ssp3_rcp60,ramsey_prtp1p0_eta1p5,6.6380030316332155
bhm_richpoor_sr,estimates,uncertain,SSP3,rcp60,2.0,0p7,,358.5522149540569,169,ssp3_rcp60,ramsey_prtp2p0_eta0p7,5.8820742978413865
bhm_richpoor_sr,estimates,uncertain,SSP3,rcp60,2.0,1p5,,327.8258408651464,169,ssp3_rcp60,ramsey_prtp2p0_eta1p5,5.792482494395961
bhm_richpoor_sr,estimates,uncertain,SSP3,rcp60,,,3.0,194.4612669048519,169,ssp3_rcp60,fixed_dr3p0,5.270233001349756
bhm_richpoor_sr,estimates,uncertain,SSP3,rcp60,,,5.0,74.31528407985203,169,ssp3_rcp60,fixed_dr5p0,4.308316638238402
bhm_richpoor_sr,estimates,uncertain,SSP3,rcp85,1.0,0p7,,915.5823278079404,169,ssp3_rcp85,ramsey_prtp1p0_eta0p7,6.8195602866775715
bhm_richpoor_sr,estimates,uncertain,SSP3,rcp85,1.0,1p5,,1362.8663500404348,169,ssp3_rcp85,ramsey_prtp1p0_eta1p5,7.217345371159067
bhm_richpoor_sr,estimates,uncertain,SSP3,rcp85,2.0,0p7,,399.1942300875612,169,ssp3_rcp85,ramsey_prtp2p0_eta0p7,5.989448090644379
bhm_richpoor_sr,estimates,uncertain,SSP3,rcp85,2.0,1p5,,542.9143765271609,169,ssp3_rcp85,ramsey_prtp2p0_eta1p5,6.296951621546535
bhm_richpoor_sr,estimates,uncertain,SSP3,rcp85,,,3.0,154.63971587291093,169,ssp3_rcp85,fixed_dr3p0,5.041097997553011
bhm_richpoor_sr,estimates,uncertain,SSP3,rcp85,,,5.0,69.32660053369568,169,ssp3_rcp85,fixed_dr5p0,4.23882867863087
bhm_richpoor_sr,estimates,uncertain,SSP4,rcp45,1.0,0p7,,636.8744966394833,169,ssp4_rcp45,ramsey_prtp1p0_eta0p7,6.45657261361669
bhm_richpoor_sr,estimates,uncertain,SSP4,rcp45,1.0,1p5,,492.77594306526277,169,ssp4_rcp45,ramsey_prtp1p0_eta1p5,6.200054594195876
bhm_richpoor_sr,estimates,uncertain,SSP4,rcp45,2.0,0p7,,295.24999340934306,169,ssp4_rcp45,ramsey_prtp2p0_eta0p7,5.687822432755179
bhm_richpoor_sr,estimates,uncertain,SSP4,rcp45,2.0,1p5,,225.13381499352622,169,ssp4_rcp45,ramsey_prtp2p0_eta1p5,5.416694958725219
bhm_richpoor_sr,estimates,uncertain,SSP4,rcp45,,,3.0,211.81080352954035,169,ssp4_rcp45,fixed_dr3p0,5.355693440032347
bhm_richpoor_sr,estimates,uncertain,SSP4,rcp45,,,5.0,82.11848960292303,169,ssp4_rcp45,fixed_dr5p0,4.408163199420982
bhm_richpoor_sr,estimates,uncertain,SSP4,rcp60,1.0,0p7,,609.7651232847368,169,ssp4_rcp60,ramsey_prtp1p0_eta0p7,6.413073839223447
bhm_richpoor_sr,estimates,uncertain,SSP4,rcp60,1.0,1p5,,460.5659624359459,169,ssp4_rcp60,ramsey_prtp1p0_eta1p5,6.1324560863406115
bhm_richpoor_sr,estimates,uncertain,SSP4,rcp60,2.0,0p7,,281.3478872694627,169,ssp4_rcp60,ramsey_prtp2p0_eta0p7,5.639591936590254
bhm_richpoor_sr,estimates,uncertain,SSP4,rcp60,2.0,1p5,,208.87002725369936,169,ssp4_rcp60,ramsey_prtp2p0_eta1p5,5.341712179348853
bhm_richpoor_sr,estimates,uncertain,SSP4,rcp60,,,3.0,204.23952812113927,169,ssp4_rcp60,fixed_dr3p0,5.319293462517023
bhm_richpoor_sr,estimates,uncertain,SSP4,rcp60,,,5.0,79.77439677582699,169,ssp4_rcp60,fixed_dr5p0,4.379202610566643
bhm_richpoor_sr,estimates,uncertain,SSP4,rcp85,1.0,0p7,,718.8758666466903,169,ssp4_rcp85,ramsey_prtp1p0_eta0p7,6.577688695592837
bhm_richpoor_sr,estimates,uncertain,SSP4,rcp85,1.0,1p5,,949.9388185401355,169,ssp4_rcp85,ramsey_prtp1p0_eta1p5,6.856397580984019
bhm_richpoor_sr,estimates,uncertain,SSP4,rcp85,2.0,0p7,,327.83510530996574,169,ssp4_rcp85,ramsey_prtp2p0_eta0p7,5.79251075426068
bhm_richpoor_sr,estimates,uncertain,SSP4,rcp85,2.0,1p5,,385.4381441456106,169,ssp4_rcp85,ramsey_prtp2p0_eta1p5,5.954380723956699
bhm_richpoor_sr,estimates,uncertain,SSP4,rcp85,,,3.0,169.03897632319786,169,ssp4_rcp85,fixed_dr3p0,5.130129317463612
bhm_richpoor_sr,estimates,uncertain,SSP4,rcp85,,,5.0,76.33356110775239,169,ssp4_rcp85,fixed_dr5p0,4.335112698826032
bhm_richpoor_sr,estimates,uncertain,SSP5,rcp45,1.0,0p7,,557.8783157915753,169,ssp5_rcp45,ramsey_prtp1p0_eta0p7,6.324140866542034
bhm_richpoor_sr,estimates,uncertain,SSP5,rcp45,1.0,1p5,,172.69169528124016,169,ssp5_rcp45,ramsey_prtp1p0_eta1p5,5.151507896452905
bhm_richpoor_sr,estimates,uncertain,SSP5,rcp45,2.0,0p7,,283.45735889623927,169,ssp5_rcp45,ramsey_prtp2p0_eta0p7,5.647061702318083
bhm_richpoor_sr,estimates,uncertain,SSP5,rcp45,2.0,1p5,,93.04047870018258,169,ssp5_rcp45,ramsey_prtp2p0_eta1p5,4.533034653298017
bhm_richpoor_sr,estimates,uncertain,SSP5,rcp45,,,3.0,614.5972088559707,169,ssp5_rcp45,fixed_dr3p0,6.4209671082867406
bhm_richpoor_sr,estimates,uncertain,SSP5,rcp45,,,5.0,201.8765380454306,169,ssp5_rcp45,fixed_dr5p0,5.307656312748793
bhm_richpoor_sr,estimates,uncertain,SSP5,rcp60,1.0,0p7,,536.4644543135954,169,ssp5_rcp60,ramsey_prtp1p0_eta0p7,6.285000305101522
bhm_richpoor_sr,estimates,uncertain,SSP5,rcp60,1.0,1p5,,161.26005454093942,169,ssp5_rcp60,ramsey_prtp1p0_eta1p5,5.083018307474228
bhm_richpoor_sr,estimates,uncertain,SSP5,rcp60,2.0,0p7,,270.742266639124,169,ssp5_rcp60,ramsey_prtp2p0_eta0p7,5.601167322736793
bhm_richpoor_sr,estimates,uncertain,SSP5,rcp60,2.0,1p5,,85.80744681772211,169,ssp5_rcp60,ramsey_prtp2p0_eta1p5,4.452105795474988
bhm_richpoor_sr,estimates,uncertain,SSP5,rcp60,,,3.0,592.4511740699871,169,ssp5_rcp60,fixed_dr3p0,6.38426846298074
bhm_richpoor_sr,estimates,uncertain,SSP5,rcp60,,,5.0,196.10888528209725,169,ssp5_rcp60,fixed_dr5p0,5.278670042130437
bhm_richpoor_sr,estimates,uncertain,SSP5,rcp85,1.0,0p7,,715.9404621303878,169,ssp5_rcp85,ramsey_prtp1p0_eta0p7,6.573597010054026
bhm_richpoor_sr,estimates,uncertain,SSP5,rcp85,1.0,1p5,,307.9069990025467,169,ssp5_rcp85,ramsey_prtp1p0_eta1p5,5.729797786086672
bhm_richpoor_sr,estimates,uncertain,SSP5,rcp85,2.0,0p7,,346.88875098052876,169,ssp5_rcp85,ramsey_prtp2p0_eta0p7,5.849004126181346
bhm_richpoor_sr,estimates,uncertain,SSP5,rcp85,2.0,1p5,,150.0937413220824,169,ssp5_rcp85,ramsey_prtp2p0_eta1p5,5.011260041048447
bhm_richpoor_sr,estimates,uncertain,SSP5,rcp85,,,3.0,470.480076792689,169,ssp5_rcp85,fixed_dr3p0,6.153753613373692
bhm_richpoor_sr,estimates,uncertain,SSP5,rcp85,,,5.0,176.91712009504764,169,ssp5_rcp85,fixed_dr5p0,5.175681374860898
bhm_sr,bootstrap,expected,SSP1,rcp45,1.0,0p7,,1109.3547265737373,169,ssp1_rcp45,ramsey_prtp1p0_eta0p7,7.011533797859039
bhm_sr,bootstrap,expected,SSP1,rcp45,1.0,1p5,,660.7240766247304,169,ssp1_rcp45,ramsey_prtp1p0_eta1p5,6.493336319456684
bhm_sr,bootstrap,expected,SSP1,rcp45,2.0,0p7,,548.9033752488568,169,ssp1_rcp45,ramsey_prtp2p0_eta0p7,6.30792242465127
bhm_sr,bootstrap,expected,SSP1,rcp45,2.0,1p5,,325.39610683549773,169,ssp1_rcp45,ramsey_prtp2p0_eta1p5,5.785043230470888
bhm_sr,bootstrap,expected,SSP1,rcp45,,,3.0,577.3793626803495,169,ssp1_rcp45,fixed_dr3p0,6.358499524782581
bhm_sr,bootstrap,expected,SSP1,rcp45,,,5.0,231.13703227944967,169,ssp1_rcp45,fixed_dr5p0,5.44301074797127
bhm_sr,bootstrap,expected,SSP1,rcp60,1.0,0p7,,1103.5275597120506,169,ssp1_rcp60,ramsey_prtp1p0_eta0p7,7.006267200203276
bhm_sr,bootstrap,expected,SSP1,rcp60,1.0,1p5,,669.7489549386054,169,ssp1_rcp60,ramsey_prtp1p0_eta1p5,6.506902948048145
bhm_sr,bootstrap,expected,SSP1,rcp60,2.0,0p7,,543.1819292628062,169,ssp1_rcp60,ramsey_prtp2p0_eta0p7,6.297444308501884
bhm_sr,bootstrap,expected,SSP1,rcp60,2.0,1p5,,322.4169576161187,169,ssp1_rcp60,ramsey_prtp2p0_eta1p5,5.775845607314127
bhm_sr,bootstrap,expected,SSP1,rcp60,,,3.0,578.8043524611483,169,ssp1_rcp60,fixed_dr3p0,6.360964514530624
bhm_sr,bootstrap,expected,SSP1,rcp60,,,5.0,233.18503641862745,169,ssp1_rcp60,fixed_dr5p0,5.451832286116681
bhm_sr,bootstrap,expected,SSP1,rcp85,1.0,0p7,,1231.9277228790709,169,ssp1_rcp85,ramsey_prtp1p0_eta0p7,7.116335475878258
bhm_sr,bootstrap,expected,SSP1,rcp85,1.0,1p5,,1372.7505682284664,169,ssp1_rcp85,ramsey_prtp1p0_eta1p5,7.22457172009331
bhm_sr,bootstrap,expected,SSP1,rcp85,2.0,0p7,,587.5069853512077,169,ssp1_rcp85,ramsey_prtp2p0_eta0p7,6.3758881359071315
bhm_sr,bootstrap,expected,SSP1,rcp85,2.0,1p5,,574.148257719156,169,ssp1_rcp85,ramsey_prtp2p0_eta1p5,6.352887651678111
bhm_sr,bootstrap,expected,SSP1,rcp85,,,3.0,382.3059436665099,169,ssp1_rcp85,fixed_dr3p0,5.94622118770814
bhm_sr,bootstrap,expected,SSP1,rcp85,,,5.0,188.43596632110513,169,ssp1_rcp85,fixed_dr5p0,5.238758247962242
bhm_sr,bootstrap,expected,SSP2,rcp45,1.0,0p7,,1299.9940990940754,169,ssp2_rcp45,ramsey_prtp1p0_eta0p7,7.170115004280922
bhm_sr,bootstrap,expected,SSP2,rcp45,1.0,1p5,,957.5767023101478,169,ssp2_rcp45,ramsey_prtp1p0_eta1p5,6.864405824697748
bhm_sr,bootstrap,expected,SSP2,rcp45,2.0,0p7,,613.7666906168458,169,ssp2_rcp45,ramsey_prtp2p0_eta0p7,6.419614873226699
bhm_sr,bootstrap,expected,SSP2,rcp45,2.0,1p5,,452.0977832007605,169,ssp2_rcp45,ramsey_prtp2p0_eta1p5,6.113898490950251
bhm_sr,bootstrap,expected,SSP2,rcp45,,,3.0,448.6731679430414,169,ssp2_rcp45,fixed_dr3p0,6.106294711646384
bhm_sr,bootstrap,expected,SSP2,rcp45,,,5.0,180.96285711351646,169,ssp2_rcp45,fixed_dr5p0,5.198291800889924
bhm_sr,bootstrap,expected,SSP2,rcp60,1.0,0p7,,1295.198124510025,169,ssp2_rcp60,ramsey_prtp1p0_eta0p7,7.1664189543312045
bhm_sr,bootstrap,expected,SSP2,rcp60,1.0,1p5,,976.4488466555953,169,ssp2_rcp60,ramsey_prtp1p0_eta1p5,6.883922364567353
bhm_sr,bootstrap,expected,SSP2,rcp60,2.0,0p7,,608.6226005913569,169,ssp2_rcp60,ramsey_prtp2p0_eta0p7,6.411198372151873
bhm_sr,bootstrap,expected,SSP2,rcp60,2.0,1p5,,450.60433966551693,169,ssp2_rcp60,ramsey_prtp2p0_eta1p5,6.11058965881177
bhm_sr,bootstrap,expected,SSP2,rcp60,,,3.0,447.57033733797255,169,ssp2_rcp60,fixed_dr3p0,6.103833703772556
bhm_sr,bootstrap,expected,SSP2,rcp60,,,5.0,182.1426366767139,169,ssp2_rcp60,fixed_dr5p0,5.204790098134126
bhm_sr,bootstrap,expected,SSP2,rcp85,1.0,0p7,,1386.4284424524433,169,ssp2_rcp85,ramsey_prtp1p0_eta0p7,7.234486253520189
bhm_sr,bootstrap,expected,SSP2,rcp85,1.0,1p5,,1983.6931197173487,169,ssp2_rcp85,ramsey_prtp1p0_eta1p5,7.59271559831919
bhm_sr,bootstrap,expected,SSP2,rcp85,2.0,0p7,,638.387163170386,169,ssp2_rcp85,ramsey_prtp2p0_eta0p7,6.4589449381176225
bhm_sr,bootstrap,expected,SSP2,rcp85,2.0,1p5,,803.5503887472441,169,ssp2_rcp85,ramsey_prtp2p0_eta1p5,6.689039894782211
bhm_sr,bootstrap,expected,SSP2,rcp85,,,3.0,269.64762093278006,169,ssp2_rcp85,fixed_dr3p0,5.597115998947282
bhm_sr,bootstrap,expected,SSP2,rcp85,,,5.0,143.22476044655906,169,ssp2_rcp85,fixed_dr5p0,4.964415147726017
bhm_sr,bootstrap,expected,SSP3,rcp45,1.0,0p7,,1511.5735953216174,169,ssp3_rcp45,ramsey_prtp1p0_eta0p7,7.320906503289964
bhm_sr,bootstrap,expected,SSP3,rcp45,1.0,1p5,,2110.540827611117,169,ssp3_rcp45,ramsey_prtp1p0_eta1p5,7.654699510030048
bhm_sr,bootstrap,expected,SSP3,rcp45,2.0,0p7,,672.1130954857115,169,ssp3_rcp45,ramsey_prtp2p0_eta0p7,6.51042662321656
bhm_sr,bootstrap,expected,SSP3,rcp45,2.0,1p5,,874.647886134327,169,ssp3_rcp45,ramsey_prtp2p0_eta1p5,6.773821389520146
bhm_sr,bootstrap,expected,SSP3,rcp45,,,3.0,269.7311493443794,169,ssp3_rcp45,fixed_dr3p0,5.597425719747839
bhm_sr,bootstrap,expected,SSP3,rcp45,,,5.0,123.27211707718685,169,ssp3_rcp45,fixed_dr5p0,4.814394245725896
bhm_sr,bootstrap,expected,SSP3,rcp60,1.0,0p7,,1501.0555030447465,169,ssp3_rcp60,ramsey_prtp1p0_eta0p7,7.313923808328061
bhm_sr,bootstrap,expected,SSP3,rcp60,1.0,1p5,,2154.4097940631473,169,ssp3_rcp60,ramsey_prtp1p0_eta1p5,7.67527208756167
bhm_sr,bootstrap,expected,SSP3,rcp60,2.0,0p7,,664.9622591989942,169,ssp3_rcp60,ramsey_prtp2p0_eta0p7,6.4997302859611175
bhm_sr,bootstrap,expected,SSP3,rcp60,2.0,1p5,,877.9744216402397,169,ssp3_rcp60,ramsey_prtp2p0_eta1p5,6.777617460682555
bhm_sr,bootstrap,expected,SSP3,rcp60,,,3.0,268.6241071377305,169,ssp3_rcp60,fixed_dr3p0,5.593313031132974
bhm_sr,bootstrap,expected,SSP3,rcp60,,,5.0,123.74650858607446,169,ssp3_rcp60,fixed_dr5p0,4.81823518760493
bhm_sr,bootstrap,expected,SSP3,rcp85,1.0,0p7,,1431.25390791227,169,ssp3_rcp85,ramsey_prtp1p0_eta0p7,7.266306197717875
bhm_sr,bootstrap,expected,SSP3,rcp85,1.0,1p5,,4016.1404571518515,169,ssp3_rcp85,ramsey_prtp1p0_eta1p5,8.298076635150377
bhm_sr,bootstrap,expected,SSP3,rcp85,2.0,0p7,,645.7022609734954,169,ssp3_rcp85,ramsey_prtp2p0_eta0p7,6.470338501211385
bhm_sr,bootstrap,expected,SSP3,rcp85,2.0,1p5,,1514.182407826978,169,ssp3_rcp85,ramsey_prtp2p0_eta1p5,7.322630907471335
bhm_sr,bootstrap,expected,SSP3,rcp85,,,3.0,169.3085798943147,169,ssp3_rcp85,fixed_dr3p0,5.131722966498295
bhm_sr,bootstrap,expected,SSP3,rcp85,,,5.0,102.25090916316339,169,ssp3_rcp85,fixed_dr5p0,4.627429686454661
bhm_sr,bootstrap,expected,SSP4,rcp45,1.0,0p7,,1189.753892215836,169,ssp4_rcp45,ramsey_prtp1p0_eta0p7,7.08150175145276
bhm_sr,bootstrap,expected,SSP4,rcp45,1.0,1p5,,1206.3580091061838,169,ssp4_rcp45,ramsey_prtp1p0_eta1p5,7.095361189872544
bhm_sr,bootstrap,expected,SSP4,rcp45,2.0,0p7,,556.5752391206673,169,ssp4_rcp45,ramsey_prtp2p0_eta0p7,6.321802362153047
bhm_sr,bootstrap,expected,SSP4,rcp45,2.0,1p5,,536.4395761735256,169,ssp4_rcp45,ramsey_prtp2p0_eta1p5,6.2849539297699595
bhm_sr,bootstrap,expected,SSP4,rcp45,,,3.0,298.7019336215297,169,ssp4_rcp45,fixed_dr3p0,5.699446198657856
bhm_sr,bootstrap,expected,SSP4,rcp45,,,5.0,137.80511624486772,169,ssp4_rcp45,fixed_dr5p0,4.925840485937265
bhm_sr,bootstrap,expected,SSP4,rcp60,1.0,0p7,,1179.2374951863512,169,ssp4_rcp60,ramsey_prtp1p0_eta0p7,7.07262331806859
bhm_sr,bootstrap,expected,SSP4,rcp60,1.0,1p5,,1234.7108697169224,169,ssp4_rcp60,ramsey_prtp1p0_eta1p5,7.118592108063677
bhm_sr,bootstrap,expected,SSP4,rcp60,2.0,0p7,,550.0021020816791,169,ssp4_rcp60,ramsey_prtp2p0_eta0p7,6.3099221001859025
bhm_sr,bootstrap,expected,SSP4,rcp60,2.0,1p5,,538.0240870557728,169,ssp4_rcp60,ramsey_prtp2p0_eta1p5,6.287903330638703
bhm_sr,bootstrap,expected,SSP4,rcp60,,,3.0,297.22146563657765,169,ssp4_rcp60,fixed_dr3p0,5.6944775364688525
bhm_sr,bootstrap,expected,SSP4,rcp60,,,5.0,137.9481537491427,169,ssp4_rcp60,fixed_dr5p0,4.926877917095249
bhm_sr,bootstrap,expected,SSP4,rcp85,1.0,0p7,,1191.7963690074694,169,ssp4_rcp85,ramsey_prtp1p0_eta0p7,7.083217001662382
bhm_sr,bootstrap,expected,SSP4,rcp85,1.0,1p5,,2379.984468061071,169,ssp4_rcp85,ramsey_prtp1p0_eta1p5,7.774849240619465
bhm_sr,bootstrap,expected,SSP4,rcp85,2.0,0p7,,559.3670215815126,169,ssp4_rcp85,ramsey_prtp2p0_eta0p7,6.326805825832898
bhm_sr,bootstrap,expected,SSP4,rcp85,2.0,1p5,,938.1861087767955,169,ssp4_rcp85,ramsey_prtp2p0_eta1p5,6.843948339535325
bhm_sr,bootstrap,expected,SSP4,rcp85,,,3.0,193.8263982315023,169,ssp4_rcp85,fixed_dr3p0,5.266962903965252
bhm_sr,bootstrap,expected,SSP4,rcp85,,,5.0,115.90357505250181,169,ssp4_rcp85,fixed_dr5p0,4.7527585958794845
bhm_sr,bootstrap,expected,SSP5,rcp45,1.0,0p7,,1211.165765700716,169,ssp5_rcp45,ramsey_prtp1p0_eta0p7,7.0993386175055875
bhm_sr,bootstrap,expected,SSP5,rcp45,1.0,1p5,,556.0637163410651,169,ssp5_rcp45,ramsey_prtp1p0_eta1p5,6.320882885420492
bhm_sr,bootstrap,expected,SSP5,rcp45,2.0,0p7,,603.5648617373536,169,ssp5_rcp45,ramsey_prtp2p0_eta0p7,6.402853510714992
bhm_sr,bootstrap,expected,SSP5,rcp45,2.0,1p5,,283.9798771189367,169,ssp5_rcp45,ramsey_prtp2p0_eta1p5,5.648903380435845
bhm_sr,bootstrap,expected,SSP5,rcp45,,,3.0,764.96642386899,169,ssp5_rcp45,fixed_dr3p0,6.639831942495992
bhm_sr,bootstrap,expected,SSP5,rcp45,,,5.0,297.44987674762643,169,ssp5_rcp45,fixed_dr5p0,5.695245729270495
bhm_sr,bootstrap,expected,SSP5,rcp60,1.0,0p7,,1202.9922160770068,169,ssp5_rcp60,ramsey_prtp1p0_eta0p7,7.092567245527317
bhm_sr,bootstrap,expected,SSP5,rcp60,1.0,1p5,,561.1201373733949,169,ssp5_rcp60,ramsey_prtp1p0_eta1p5,6.329935031211832
bhm_sr,bootstrap,expected,SSP5,rcp60,2.0,0p7,,596.6935026529785,169,ssp5_rcp60,ramsey_prtp2p0_eta0p7,6.39140358566865
bhm_sr,bootstrap,expected,SSP5,rcp60,2.0,1p5,,280.00058227593604,169,ssp5_rcp60,ramsey_prtp2p0_eta1p5,5.634791682724002
bhm_sr,bootstrap,expected,SSP5,rcp60,,,3.0,763.8859934462561,169,ssp5_rcp60,fixed_dr3p0,6.63841855479374
bhm_sr,bootstrap,expected,SSP5,rcp60,,,5.0,300.0022459989679,169,ssp5_rcp60,fixed_dr5p0,5.7037899612914025
bhm_sr,bootstrap,expected,SSP5,rcp85,1.0,0p7,,1390.9800582676678,169,ssp5_rcp85,ramsey_prtp1p0_eta0p7,7.237763855564508
bhm_sr,bootstrap,expected,SSP5,rcp85,1.0,1p5,,1123.7183326882114,169,ssp5_rcp85,ramsey_prtp1p0_eta1p5,7.024398405356028
bhm_sr,bootstrap,expected,SSP5,rcp85,2.0,0p7,,662.9229881230028,169,ssp5_rcp85,ramsey_prtp2p0_eta0p7,6.496658826761933
bhm_sr,bootstrap,expected,SSP5,rcp85,2.0,1p5,,491.30579249421464,169,ssp5_rcp85,ramsey_prtp2p0_eta1p5,6.197066729241909
bhm_sr,bootstrap,expected,SSP5,rcp85,,,3.0,459.5389736722072,169,ssp5_rcp85,fixed_dr3p0,6.130223755766306
bhm_sr,bootstrap,expected,SSP5,rcp85,,,5.0,232.23050357495714,169,ssp5_rcp85,fixed_dr5p0,5.447730428314354
bhm_sr,bootstrap,uncertain,SSP1,rcp45,1.0,0p7,,1064.8990170546688,169,ssp1_rcp45,ramsey_prtp1p0_eta0p7,6.970635253980879
bhm_sr,bootstrap,uncertain,SSP1,rcp45,1.0,1p5,,613.8046908690382,169,ssp1_rcp45,ramsey_prtp1p0_eta1p5,6.419676784497649
bhm_sr,bootstrap,uncertain,SSP1,rcp45,2.0,0p7,,528.2110145097656,169,ssp1_rcp45,ramsey_prtp2p0_eta0p7,6.269495852560731
bhm_sr,bootstrap,uncertain,SSP1,rcp45,2.0,1p5,,305.5328774430223,169,ssp1_rcp45,ramsey_prtp2p0_eta1p5,5.722057391292629
bhm_sr,bootstrap,uncertain,SSP1,rcp45,,,3.0,563.9983850919044,169,ssp1_rcp45,fixed_dr3p0,6.335051388181734
bhm_sr,bootstrap,uncertain,SSP1,rcp45,,,5.0,223.70015080689777,169,ssp1_rcp45,fixed_dr5p0,5.410306542643813
bhm_sr,bootstrap,uncertain,SSP1,rcp60,1.0,0p7,,1034.4333941619043,169,ssp1_rcp60,ramsey_prtp1p0_eta0p7,6.941609110542406
bhm_sr,bootstrap,uncertain,SSP1,rcp60,1.0,1p5,,597.6734640075863,169,ssp1_rcp60,ramsey_prtp1p0_eta1p5,6.393044558002723
bhm_sr,bootstrap,uncertain,SSP1,rcp60,2.0,0p7,,511.41427370301847,169,ssp1_rcp60,ramsey_prtp2p0_eta0p7,6.237179973502032
bhm_sr,bootstrap,uncertain,SSP1,rcp60,2.0,1p5,,292.1337425488947,169,ssp1_rcp60,ramsey_prtp2p0_eta1p5,5.677211719835749
bhm_sr,bootstrap,uncertain,SSP1,rcp60,,,3.0,560.6249851593258,169,ssp1_rcp60,fixed_dr3p0,6.329052206341401
bhm_sr,bootstrap,uncertain,SSP1,rcp60,,,5.0,223.01992495867015,169,ssp1_rcp60,fixed_dr5p0,5.407261117059131
bhm_sr,bootstrap,uncertain,SSP1,rcp85,1.0,0p7,,1180.702074643602,169,ssp1_rcp85,ramsey_prtp1p0_eta0p7,7.073864519041699
bhm_sr,bootstrap,uncertain,SSP1,rcp85,1.0,1p5,,1260.404026491253,169,ssp1_rcp85,ramsey_prtp1p0_eta1p5,7.139187604491832
bhm_sr,bootstrap,uncertain,SSP1,rcp85,2.0,0p7,,567.7219751012672,169,ssp1_rcp85,ramsey_prtp2p0_eta0p7,6.3416318184309715
bhm_sr,bootstrap,uncertain,SSP1,rcp85,2.0,1p5,,535.5003333261008,169,ssp1_rcp85,ramsey_prtp2p0_eta1p5,6.283201512345315
bhm_sr,bootstrap,uncertain,SSP1,rcp85,,,3.0,381.9150256846938,169,ssp1_rcp85,fixed_dr3p0,5.94519813801024
bhm_sr,bootstrap,uncertain,SSP1,rcp85,,,5.0,184.77645140590658,169,ssp1_rcp85,fixed_dr5p0,5.2191467236308
bhm_sr,bootstrap,uncertain,SSP2,rcp45,1.0,0p7,,1243.9357094450208,169,ssp2_rcp45,ramsey_prtp1p0_eta0p7,7.126035591453208
bhm_sr,bootstrap,uncertain,SSP2,rcp45,1.0,1p5,,886.2141256800257,169,ssp2_rcp45,ramsey_prtp1p0_eta1p5,6.786958598245696
bhm_sr,bootstrap,uncertain,SSP2,rcp45,2.0,0p7,,588.7835265031844,169,ssp2_rcp45,ramsey_prtp2p0_eta0p7,6.378058588937648
bhm_sr,bootstrap,uncertain,SSP2,rcp45,2.0,1p5,,422.9356231098142,169,ssp2_rcp45,ramsey_prtp2p0_eta1p5,6.047219976234264
bhm_sr,bootstrap,uncertain,SSP2,rcp45,,,3.0,440.6877186384223,169,ssp2_rcp45,fixed_dr3p0,6.088336503609438
bhm_sr,bootstrap,uncertain,SSP2,rcp45,,,5.0,175.5935358781961,169,ssp2_rcp45,fixed_dr5p0,5.168171868895866
bhm_sr,bootstrap,uncertain,SSP2,rcp60,1.0,0p7,,1211.0854062986189,169,ssp2_rcp60,ramsey_prtp1p0_eta0p7,7.0992722664986765
bhm_sr,bootstrap,uncertain,SSP2,rcp60,1.0,1p5,,867.8574682904941,169,ssp2_rcp60,ramsey_prtp1p0_eta1p5,6.766027494138297
bhm_sr,bootstrap,uncertain,SSP2,rcp60,2.0,0p7,,571.0730022411749,169,ssp2_rcp60,ramsey_prtp2p0_eta0p7,6.347517051293333
bhm_sr,bootstrap,uncertain,SSP2,rcp60,2.0,1p5,,405.4654350712509,169,ssp2_rcp60,ramsey_prtp2p0_eta1p5,6.005035629654125
bhm_sr,bootstrap,uncertain,SSP2,rcp60,,,3.0,438.6116779481493,169,ssp2_rcp60,fixed_dr3p0,6.0836144611381116
bhm_sr,bootstrap,uncertain,SSP2,rcp60,,,5.0,175.33936393222368,169,ssp2_rcp60,fixed_dr5p0,5.16672331852881
bhm_sr,bootstrap,uncertain,SSP2,rcp85,1.0,0p7,,1326.3451361940163,169,ssp2_rcp85,ramsey_prtp1p0_eta0p7,7.190182420583775
bhm_sr,bootstrap,uncertain,SSP2,rcp85,1.0,1p5,,1821.7426424347543,169,ssp2_rcp85,ramsey_prtp1p0_eta1p5,7.5075488178073675
bhm_sr,bootstrap,uncertain,SSP2,rcp85,2.0,0p7,,614.609173604593,169,ssp2_rcp85,ramsey_prtp2p0_eta0p7,6.420986575723281
bhm_sr,bootstrap,uncertain,SSP2,rcp85,2.0,1p5,,748.7856570368538,169,ssp2_rcp85,ramsey_prtp2p0_eta1p5,6.618452770381712
bhm_sr,bootstrap,uncertain,SSP2,rcp85,,,3.0,273.9268139641986,169,ssp2_rcp85,fixed_dr3p0,5.612860968389449
bhm_sr,bootstrap,uncertain,SSP2,rcp85,,,5.0,141.1254493379507,169,ssp2_rcp85,fixed_dr5p0,4.949649206436065
bhm_sr,bootstrap,uncertain,SSP3,rcp45,1.0,0p7,,1439.1895039641736,169,ssp3_rcp45,ramsey_prtp1p0_eta0p7,7.2718353896443135
bhm_sr,bootstrap,uncertain,SSP3,rcp45,1.0,1p5,,1951.9471447813607,169,ssp3_rcp45,ramsey_prtp1p0_eta1p5,7.576582689137871
bhm_sr,bootstrap,uncertain,SSP3,rcp45,2.0,0p7,,643.8836621980023,169,ssp3_rcp45,ramsey_prtp2p0_eta0p7,6.467518061024535
bhm_sr,bootstrap,uncertain,SSP3,rcp45,2.0,1p5,,816.0266808405067,169,ssp3_rcp45,ramsey_prtp2p0_eta1p5,6.7044470515380326
bhm_sr,bootstrap,uncertain,SSP3,rcp45,,,3.0,263.87331200601494,169,ssp3_rcp45,fixed_dr3p0,5.575469109202557
bhm_sr,bootstrap,uncertain,SSP3,rcp45,,,5.0,119.7179638131057,169,ssp3_rcp45,fixed_dr5p0,4.7851386749306215
bhm_sr,bootstrap,uncertain,SSP3,rcp60,1.0,0p7,,1401.5834159264464,169,ssp3_rcp60,ramsey_prtp1p0_eta0p7,7.245357887867867
bhm_sr,bootstrap,uncertain,SSP3,rcp60,1.0,1p5,,1922.3164807520734,169,ssp3_rcp60,ramsey_prtp1p0_eta1p5,7.561286238176817
bhm_sr,bootstrap,uncertain,SSP3,rcp60,2.0,0p7,,623.9425455520771,169,ssp3_rcp60,ramsey_prtp2p0_eta0p7,6.436058289694543
bhm_sr,bootstrap,uncertain,SSP3,rcp60,2.0,1p5,,790.1694481976884,169,ssp3_rcp60,ramsey_prtp2p0_eta1p5,6.672247413850557
bhm_sr,bootstrap,uncertain,SSP3,rcp60,,,3.0,263.8733507940339,169,ssp3_rcp60,fixed_dr3p0,5.5754692561974
bhm_sr,bootstrap,uncertain,SSP3,rcp60,,,5.0,119.5185094508834,169,ssp3_rcp60,fixed_dr5p0,4.783471250179595
bhm_sr,bootstrap,uncertain,SSP3,rcp85,1.0,0p7,,1376.7996860456285,169,ssp3_rcp85,ramsey_prtp1p0_eta0p7,7.227517016865367
bhm_sr,bootstrap,uncertain,SSP3,rcp85,1.0,1p5,,3692.9513016592496,169,ssp3_rcp85,ramsey_prtp1p0_eta1p5,8.214181228104165
bhm_sr,bootstrap,uncertain,SSP3,rcp85,2.0,0p7,,623.890201317122,169,ssp3_rcp85,ramsey_prtp2p0_eta0p7,6.4359743934590625
bhm_sr,bootstrap,uncertain,SSP3,rcp85,2.0,1p5,,1407.1418067180405,169,ssp3_rcp85,ramsey_prtp2p0_eta1p5,7.2493158386157495
bhm_sr,bootstrap,uncertain,SSP3,rcp85,,,3.0,170.9602021523686,169,ssp3_rcp85,fixed_dr3p0,5.141430793464385
bhm_sr,bootstrap,uncertain,SSP3,rcp85,,,5.0,100.86519902946577,169,ssp3_rcp85,fixed_dr5p0,4.613784962310618
bhm_sr,bootstrap,uncertain,SSP4,rcp45,1.0,0p7,,1134.603187993606,169,ssp4_rcp45,ramsey_prtp1p0_eta0p7,7.034038254683694
bhm_sr,bootstrap,uncertain,SSP4,rcp45,1.0,1p5,,1116.3967799629957,169,ssp4_rcp45,ramsey_prtp1p0_eta1p5,7.017861617353991
bhm_sr,bootstrap,uncertain,SSP4,rcp45,2.0,0p7,,534.1447391929778,169,ssp4_rcp45,ramsey_prtp2p0_eta0p7,6.280666849411406
bhm_sr,bootstrap,uncertain,SSP4,rcp45,2.0,1p5,,501.1274038555134,169,ssp4_rcp45,ramsey_prtp2p0_eta1p5,6.216860367869128
bhm_sr,bootstrap,uncertain,SSP4,rcp45,,,3.0,292.45947342022606,169,ssp4_rcp45,fixed_dr3p0,5.678326104663156
bhm_sr,bootstrap,uncertain,SSP4,rcp45,,,5.0,134.0349786135529,169,ssp4_rcp45,fixed_dr5p0,4.898100800316851
bhm_sr,bootstrap,uncertain,SSP4,rcp60,1.0,0p7,,1103.4379027851548,169,ssp4_rcp60,ramsey_prtp1p0_eta0p7,7.0061859511502504
bhm_sr,bootstrap,uncertain,SSP4,rcp60,1.0,1p5,,1098.2107179681184,169,ssp4_rcp60,ramsey_prtp1p0_eta1p5,7.0014375143747465
bhm_sr,bootstrap,uncertain,SSP4,rcp60,2.0,0p7,,516.9712991162379,169,ssp4_rcp60,ramsey_prtp2p0_eta0p7,6.247987358685516
bhm_sr,bootstrap,uncertain,SSP4,rcp60,2.0,1p5,,484.1706131715171,169,ssp4_rcp60,ramsey_prtp2p0_eta1p5,6.182437351153515
bhm_sr,bootstrap,uncertain,SSP4,rcp60,,,3.0,293.1837563790791,169,ssp4_rcp60,fixed_dr3p0,5.680799567315036
bhm_sr,bootstrap,uncertain,SSP4,rcp60,,,5.0,133.59946102041678,169,ssp4_rcp60,fixed_dr5p0,4.89484622681609
bhm_sr,bootstrap,uncertain,SSP4,rcp85,1.0,0p7,,1146.4026703249772,169,ssp4_rcp85,ramsey_prtp1p0_eta0p7,7.044384205824732
bhm_sr,bootstrap,uncertain,SSP4,rcp85,1.0,1p5,,2185.8835849217803,169,ssp4_rcp85,ramsey_prtp1p0_eta1p5,7.689775412479319
bhm_sr,bootstrap,uncertain,SSP4,rcp85,2.0,0p7,,540.6020880894731,169,ssp4_rcp85,ramsey_prtp2p0_eta0p7,6.292683496375534
bhm_sr,bootstrap,uncertain,SSP4,rcp85,2.0,1p5,,873.1934862994184,169,ssp4_rcp85,ramsey_prtp2p0_eta1p5,6.772157165073319
bhm_sr,bootstrap,uncertain,SSP4,rcp85,,,3.0,195.403347425655,169,ssp4_rcp85,fixed_dr3p0,5.2750658706065465
bhm_sr,bootstrap,uncertain,SSP4,rcp85,,,5.0,114.38834506582239,169,ssp4_rcp85,fixed_dr5p0,4.739599194960442
bhm_sr,bootstrap,uncertain,SSP5,rcp45,1.0,0p7,,1162.3866842436773,169,ssp5_rcp45,ramsey_prtp1p0_eta0p7,7.058230656791008
bhm_sr,bootstrap,uncertain,SSP5,rcp45,1.0,1p5,,516.9358605729021,169,ssp5_rcp45,ramsey_prtp1p0_eta1p5,6.247918806024829
bhm_sr,bootstrap,uncertain,SSP5,rcp45,2.0,0p7,,580.6779237222372,169,ssp5_rcp45,ramsey_prtp2p0_eta0p7,6.364196254989668
bhm_sr,bootstrap,uncertain,SSP5,rcp45,2.0,1p5,,267.1789635118935,169,ssp5_rcp45,ramsey_prtp2p0_eta1p5,5.5879187091915155
bhm_sr,bootstrap,uncertain,SSP5,rcp45,,,3.0,752.9565616310166,169,ssp5_rcp45,fixed_dr3p0,6.624007539058927
bhm_sr,bootstrap,uncertain,SSP5,rcp45,,,5.0,288.7931649663319,169,ssp5_rcp45,fixed_dr5p0,5.665710739724517
bhm_sr,bootstrap,uncertain,SSP5,rcp60,1.0,0p7,,1130.7745779563952,169,ssp5_rcp60,ramsey_prtp1p0_eta0p7,7.030658144099085
bhm_sr,bootstrap,uncertain,SSP5,rcp60,1.0,1p5,,505.60221975393057,169,ssp5_rcp60,ramsey_prtp1p0_eta1p5,6.225750233159107
bhm_sr,bootstrap,uncertain,SSP5,rcp60,2.0,0p7,,561.3635220699447,169,ssp5_rcp60,ramsey_prtp2p0_eta0p7,6.330368685097688
bhm_sr,bootstrap,uncertain,SSP5,rcp60,2.0,1p5,,254.13589437731335,169,ssp5_rcp60,ramsey_prtp2p0_eta1p5,5.537869141181361
bhm_sr,bootstrap,uncertain,SSP5,rcp60,,,3.0,749.1747434412196,169,ssp5_rcp60,fixed_dr3p0,6.61897225863119
bhm_sr,bootstrap,uncertain,SSP5,rcp60,,,5.0,288.0709628694904,169,ssp5_rcp60,fixed_dr5p0,5.663206848637132
bhm_sr,bootstrap,uncertain,SSP5,rcp85,1.0,0p7,,1338.2785817603224,169,ssp5_rcp85,ramsey_prtp1p0_eta0p7,7.199139426609645
bhm_sr,bootstrap,uncertain,SSP5,rcp85,1.0,1p5,,1029.930404574618,169,ssp5_rcp85,ramsey_prtp1p0_eta1p5,6.937246510566679
bhm_sr,bootstrap,uncertain,SSP5,rcp85,2.0,0p7,,642.3464872101857,169,ssp5_rcp85,ramsey_prtp2p0_eta0p7,6.4651278578087945
bhm_sr,bootstrap,uncertain,SSP5,rcp85,2.0,1p5,,458.73143848441924,169,ssp5_rcp85,ramsey_prtp2p0_eta1p5,6.128464937480823
bhm_sr,bootstrap,uncertain,SSP5,rcp85,,,3.0,463.9619429347325,169,ssp5_rcp85,fixed_dr3p0,6.139802529325254
bhm_sr,bootstrap,uncertain,SSP5,rcp85,,,5.0,227.86659349244803,169,ssp5_rcp85,fixed_dr5p0,5.428760341445925
bhm_sr,estimates,expected,SSP1,rcp45,1.0,0p7,,1116.862275047946,169,ssp1_rcp45,ramsey_prtp1p0_eta0p7,7.018278492494962
bhm_sr,estimates,expected,SSP1,rcp45,1.0,1p5,,660.0045877319177,169,ssp1_rcp45,ramsey_prtp1p0_eta1p5,6.492246786105278
bhm_sr,estimates,expected,SSP1,rcp45,2.0,0p7,,553.1404756914905,169,ssp1_rcp45,ramsey_prtp2p0_eta0p7,6.315611994022081
bhm_sr,estimates,expected,SSP1,rcp45,2.0,1p5,,325.7598564185965,169,ssp1_rcp45,ramsey_prtp2p0_eta1p5,5.786160473163768
bhm_sr,estimates,expected,SSP1,rcp45,,,3.0,588.4749737587038,169,ssp1_rcp45,fixed_dr3p0,6.377534400322357
bhm_sr,estimates,expected,SSP1,rcp45,,,5.0,233.82587606269266,169,ssp1_rcp45,fixed_dr5p0,5.454576718973246
bhm_sr,estimates,expected,SSP1,rcp60,1.0,0p7,,1112.3078289136763,169,ssp1_rcp60,ramsey_prtp1p0_eta0p7,7.014192261064337
bhm_sr,estimates,expected,SSP1,rcp60,1.0,1p5,,669.1624057490482,169,ssp1_rcp60,ramsey_prtp1p0_eta1p5,6.506026789634225
bhm_sr,estimates,expected,SSP1,rcp60,2.0,0p7,,547.643804653008,169,ssp1_rcp60,ramsey_prtp2p0_eta0p7,6.305625084102842
bhm_sr,estimates,expected,SSP1,rcp60,2.0,1p5,,322.97614849567947,169,ssp1_rcp60,ramsey_prtp2p0_eta1p5,5.777578476829452
bhm_sr,estimates,expected,SSP1,rcp60,,,3.0,588.7817604524197,169,ssp1_rcp60,fixed_dr3p0,6.3780555894423605
bhm_sr,estimates,expected,SSP1,rcp60,,,5.0,236.05206946161647,169,ssp1_rcp60,fixed_dr5p0,5.4640524140015945
bhm_sr,estimates,expected,SSP1,rcp85,1.0,0p7,,1240.590212137562,169,ssp1_rcp85,ramsey_prtp1p0_eta0p7,7.123342522888002
bhm_sr,estimates,expected,SSP1,rcp85,1.0,1p5,,1356.430249604213,169,ssp1_rcp85,ramsey_prtp1p0_eta1p5,7.212611711391939
bhm_sr,estimates,expected,SSP1,rcp85,2.0,0p7,,590.4275784511012,169,ssp1_rcp85,ramsey_prtp2p0_eta0p7,6.380846983663983
bhm_sr,estimates,expected,SSP1,rcp85,2.0,1p5,,570.7695795362553,169,ssp1_rcp85,ramsey_prtp2p0_eta1p5,6.34698558974705
bhm_sr,estimates,expected,SSP1,rcp85,,,3.0,389.9308754103757,169,ssp1_rcp85,fixed_dr3p0,5.965969480876879
bhm_sr,estimates,expected,SSP1,rcp85,,,5.0,190.99583528167057,169,ssp1_rcp85,fixed_dr5p0,5.252251623000894
bhm_sr,estimates,expected,SSP2,rcp45,1.0,0p7,,1305.745715386359,169,ssp2_rcp45,ramsey_prtp1p0_eta0p7,7.17452958596801
bhm_sr,estimates,expected,SSP2,rcp45,1.0,1p5,,953.5305089507278,169,ssp2_rcp45,ramsey_prtp1p0_eta1p5,6.860171421330609
bhm_sr,estimates,expected,SSP2,rcp45,2.0,0p7,,617.3927445562945,169,ssp2_rcp45,ramsey_prtp2p0_eta0p7,6.425505360389508
bhm_sr,estimates,expected,SSP2,rcp45,2.0,1p5,,450.9434205165081,169,ssp2_rcp45,ramsey_prtp2p0_eta1p5,6.111341878232539
bhm_sr,estimates,expected,SSP2,rcp45,,,3.0,459.5247411132275,169,ssp2_rcp45,fixed_dr3p0,6.130192783900587
bhm_sr,estimates,expected,SSP2,rcp45,,,5.0,183.3817573047135,169,ssp2_rcp45,fixed_dr5p0,5.211570085435003
bhm_sr,estimates,expected,SSP2,rcp60,1.0,0p7,,1302.249310706564,169,ssp2_rcp60,ramsey_prtp1p0_eta0p7,7.171848287315553
bhm_sr,estimates,expected,SSP2,rcp60,1.0,1p5,,971.9474364417867,169,ssp2_rcp60,ramsey_prtp1p0_eta1p5,6.879301725263399
bhm_sr,estimates,expected,SSP2,rcp60,2.0,0p7,,612.3493542112919,169,ssp2_rcp60,ramsey_prtp2p0_eta0p7,6.417302959859558
bhm_sr,estimates,expected,SSP2,rcp60,2.0,1p5,,449.79044755729007,169,ssp2_rcp60,ramsey_prtp2p0_eta1p5,6.108781802210532
bhm_sr,estimates,expected,SSP2,rcp60,,,3.0,457.66869789047945,169,ssp2_rcp60,fixed_dr3p0,6.126145555306646
bhm_sr,estimates,expected,SSP2,rcp60,,,5.0,184.69739393712098,169,ssp2_rcp60,fixed_dr5p0,5.2187187773986725
bhm_sr,estimates,expected,SSP2,rcp85,1.0,0p7,,1395.5695377847342,169,ssp2_rcp85,ramsey_prtp1p0_eta0p7,7.241057881749044
bhm_sr,estimates,expected,SSP2,rcp85,1.0,1p5,,1956.1002021465533,169,ssp2_rcp85,ramsey_prtp1p0_eta1p5,7.578708077373934
bhm_sr,estimates,expected,SSP2,rcp85,2.0,0p7,,641.4064756680481,169,ssp2_rcp85,ramsey_prtp2p0_eta0p7,6.463663383354095
bhm_sr,estimates,expected,SSP2,rcp85,2.0,1p5,,795.8314456130275,169,ssp2_rcp85,ramsey_prtp2p0_eta1p5,6.679387411679389
bhm_sr,estimates,expected,SSP2,rcp85,,,3.0,275.86804438603707,169,ssp2_rcp85,fixed_dr3p0,5.619922651340289
bhm_sr,estimates,expected,SSP2,rcp85,,,5.0,145.4211324441434,169,ssp2_rcp85,fixed_dr5p0,4.979633894594583
bhm_sr,estimates,expected,SSP3,rcp45,1.0,0p7,,1514.9299249805035,169,ssp3_rcp45,ramsey_prtp1p0_eta0p7,7.323124462735432
bhm_sr,estimates,expected,SSP3,rcp45,1.0,1p5,,2092.484739768062,169,ssp3_rcp45,ramsey_prtp1p0_eta1p5,7.646107509514128
bhm_sr,estimates,expected,SSP3,rcp45,2.0,0p7,,673.8807801292371,169,ssp3_rcp45,ramsey_prtp2p0_eta0p7,6.513053211185222
bhm_sr,estimates,expected,SSP3,rcp45,2.0,1p5,,867.947988602042,169,ssp3_rcp45,ramsey_prtp2p0_eta1p5,6.766131791899628
bhm_sr,estimates,expected,SSP3,rcp45,,,3.0,274.99221777438544,169,ssp3_rcp45,fixed_dr3p0,5.616742798263912
bhm_sr,estimates,expected,SSP3,rcp45,,,5.0,124.97919027361743,169,ssp3_rcp45,fixed_dr5p0,4.828147245632271
bhm_sr,estimates,expected,SSP3,rcp60,1.0,0p7,,1504.4631349637648,169,ssp3_rcp60,ramsey_prtp1p0_eta0p7,7.316191392588612
bhm_sr,estimates,expected,SSP3,rcp60,1.0,1p5,,2135.4877948085646,169,ssp3_rcp60,ramsey_prtp1p0_eta1p5,7.666450374886384
bhm_sr,estimates,expected,SSP3,rcp60,2.0,0p7,,667.4526824265387,169,ssp3_rcp60,ramsey_prtp2p0_eta0p7,6.5034685000112455
bhm_sr,estimates,expected,SSP3,rcp60,2.0,1p5,,872.1803803176651,169,ssp3_rcp60,ramsey_prtp2p0_eta1p5,6.77099626067924
bhm_sr,estimates,expected,SSP3,rcp60,,,3.0,274.1180270069177,169,ssp3_rcp60,fixed_dr3p0,5.613558769139253
bhm_sr,estimates,expected,SSP3,rcp60,,,5.0,125.6267504352394,169,ssp3_rcp60,fixed_dr5p0,4.833315212529117
bhm_sr,estimates,expected,SSP3,rcp85,1.0,0p7,,1437.6348183528346,169,ssp3_rcp85,ramsey_prtp1p0_eta0p7,7.270754554954043
bhm_sr,estimates,expected,SSP3,rcp85,1.0,1p5,,3944.2601339702555,169,ssp3_rcp85,ramsey_prtp1p0_eta1p5,8.280016670436476
bhm_sr,estimates,expected,SSP3,rcp85,2.0,0p7,,647.5461510354378,169,ssp3_rcp85,ramsey_prtp2p0_eta0p7,6.473190066764104
bhm_sr,estimates,expected,SSP3,rcp85,2.0,1p5,,1492.6522342896692,169,ssp3_rcp85,ramsey_prtp2p0_eta1p5,7.308309839589226
bhm_sr,estimates,expected,SSP3,rcp85,,,3.0,172.7153393174563,169,ssp3_rcp85,fixed_dr3p0,5.151644801807369
bhm_sr,estimates,expected,SSP3,rcp85,,,5.0,103.6992627693959,169,ssp3_rcp85,fixed_dr5p0,4.641495005946912
bhm_sr,estimates,expected,SSP4,rcp45,1.0,0p7,,1194.8017797541454,169,ssp4_rcp45,ramsey_prtp1p0_eta0p7,7.0857355759241605
bhm_sr,estimates,expected,SSP4,rcp45,1.0,1p5,,1195.1577107133967,169,ssp4_rcp45,ramsey_prtp1p0_eta1p5,7.086033431149994
bhm_sr,estimates,expected,SSP4,rcp45,2.0,0p7,,559.8016270035052,169,ssp4_rcp45,ramsey_prtp2p0_eta0p7,6.327582483478532
bhm_sr,estimates,expected,SSP4,rcp45,2.0,1p5,,533.115207556596,169,ssp4_rcp45,ramsey_prtp2p0_eta1p5,6.278737550070865
bhm_sr,estimates,expected,SSP4,rcp45,,,3.0,306.16933604501895,169,ssp4_rcp45,fixed_dr3p0,5.724138334658978
bhm_sr,estimates,expected,SSP4,rcp45,,,5.0,139.994245379138,169,ssp4_rcp45,fixed_dr5p0,4.9416013173297655
bhm_sr,estimates,expected,SSP4,rcp60,1.0,0p7,,1185.7687133439008,169,ssp4_rcp60,ramsey_prtp1p0_eta0p7,7.078146546496031
bhm_sr,estimates,expected,SSP4,rcp60,1.0,1p5,,1223.0597928400034,169,ssp4_rcp60,ramsey_prtp1p0_eta1p5,7.109111024794618
bhm_sr,estimates,expected,SSP4,rcp60,2.0,0p7,,553.360493001454,169,ssp4_rcp60,ramsey_prtp2p0_eta0p7,6.316009675215479
bhm_sr,estimates,expected,SSP4,rcp60,2.0,1p5,,534.9336676784214,169,ssp4_rcp60,ramsey_prtp2p0_eta1p5,6.282142753561341
bhm_sr,estimates,expected,SSP4,rcp60,,,3.0,304.54323887004307,169,ssp4_rcp60,fixed_dr3p0,5.718813076642179
bhm_sr,estimates,expected,SSP4,rcp60,,,5.0,140.4187423174204,169,ssp4_rcp60,fixed_dr5p0,4.944628974971727
bhm_sr,estimates,expected,SSP4,rcp85,1.0,0p7,,1199.8863106979504,169,ssp4_rcp85,ramsey_prtp1p0_eta0p7,7.08998209020283
bhm_sr,estimates,expected,SSP4,rcp85,1.0,1p5,,2341.470881860015,169,ssp4_rcp85,ramsey_prtp1p0_eta1p5,7.758534592868295
bhm_sr,estimates,expected,SSP4,rcp85,2.0,0p7,,561.6716941147645,169,ssp4_rcp85,ramsey_prtp2p0_eta0p7,6.330917505024461
bhm_sr,estimates,expected,SSP4,rcp85,2.0,1p5,,926.0483977951553,169,ssp4_rcp85,ramsey_prtp2p0_eta1p5,6.830926498717922
bhm_sr,estimates,expected,SSP4,rcp85,,,3.0,199.143624512885,169,ssp4_rcp85,fixed_dr3p0,5.294026295622291
bhm_sr,estimates,expected,SSP4,rcp85,,,5.0,117.70768454024919,169,ssp4_rcp85,fixed_dr5p0,4.768204301346956
bhm_sr,estimates,expected,SSP5,rcp45,1.0,0p7,,1222.2286900696315,169,ssp5_rcp45,ramsey_prtp1p0_eta0p7,7.108431266305439
bhm_sr,estimates,expected,SSP5,rcp45,1.0,1p5,,557.1276933711573,169,ssp5_rcp45,ramsey_prtp1p0_eta1p5,6.322794465665907
bhm_sr,estimates,expected,SSP5,rcp45,2.0,0p7,,609.730009343841,169,ssp5_rcp45,ramsey_prtp2p0_eta0p7,6.413016251554639
bhm_sr,estimates,expected,SSP5,rcp45,2.0,1p5,,284.94886539995133,169,ssp5_rcp45,ramsey_prtp2p0_eta1p5,5.652309744521726
bhm_sr,estimates,expected,SSP5,rcp45,,,3.0,785.2593464565421,169,ssp5_rcp45,fixed_dr3p0,6.666014040871375
bhm_sr,estimates,expected,SSP5,rcp45,,,5.0,301.48114280860165,169,ssp5_rcp45,fixed_dr5p0,5.708707469629494
bhm_sr,estimates,expected,SSP5,rcp60,1.0,0p7,,1216.5975054936125,169,ssp5_rcp60,ramsey_prtp1p0_eta0p7,7.10381331149293
bhm_sr,estimates,expected,SSP5,rcp60,1.0,1p5,,562.1619849106942,169,ssp5_rcp60,ramsey_prtp1p0_eta1p5,6.331790037742043
bhm_sr,estimates,expected,SSP5,rcp60,2.0,0p7,,603.2998526544378,169,ssp5_rcp60,ramsey_prtp2p0_eta0p7,6.402414341214029
bhm_sr,estimates,expected,SSP5,rcp60,2.0,1p5,,281.2729024375714,169,ssp5_rcp60,ramsey_prtp2p0_eta1p5,5.6393253810924575
bhm_sr,estimates,expected,SSP5,rcp60,,,3.0,782.4948453149019,169,ssp5_rcp60,fixed_dr3p0,6.662487334935617
bhm_sr,estimates,expected,SSP5,rcp60,,,5.0,304.2131441362678,169,ssp5_rcp60,fixed_dr5p0,5.717728587755187
bhm_sr,estimates,expected,SSP5,rcp85,1.0,0p7,,1401.1881239859435,169,ssp5_rcp85,ramsey_prtp1p0_eta0p7,7.245075815685032
bhm_sr,estimates,expected,SSP5,rcp85,1.0,1p5,,1111.2128080707653,169,ssp5_rcp85,ramsey_prtp1p0_eta1p5,7.013207317715287
bhm_sr,estimates,expected,SSP5,rcp85,2.0,0p7,,668.1455310573654,169,ssp5_rcp85,ramsey_prtp2p0_eta0p7,6.504506010672733
bhm_sr,estimates,expected,SSP5,rcp85,2.0,1p5,,489.0016327464917,169,ssp5_rcp85,ramsey_prtp2p0_eta1p5,6.192365828419178
bhm_sr,estimates,expected,SSP5,rcp85,,,3.0,471.3411711892002,169,ssp5_rcp85,fixed_dr3p0,6.155582186764432
bhm_sr,estimates,expected,SSP5,rcp85,,,5.0,235.52484951603836,169,ssp5_rcp85,fixed_dr5p0,5.46181642600464
bhm_sr,estimates,uncertain,SSP1,rcp45,1.0,0p7,,1057.5269007855732,169,ssp1_rcp45,ramsey_prtp1p0_eta0p7,6.963688348691995
bhm_sr,estimates,uncertain,SSP1,rcp45,1.0,1p5,,607.0645360530987,169,ssp1_rcp45,ramsey_prtp1p0_eta1p5,6.408635105100051
bhm_sr,estimates,uncertain,SSP1,rcp45,2.0,0p7,,523.7242253333578,169,ssp1_rcp45,ramsey_prtp2p0_eta0p7,6.26096525825139
bhm_sr,estimates,uncertain,SSP1,rcp45,2.0,1p5,,301.2204177840954,169,ssp1_rcp45,ramsey_prtp2p0_eta1p5,5.707842281756034
bhm_sr,estimates,uncertain,SSP1,rcp45,,,3.0,576.9088137399116,169,ssp1_rcp45,fixed_dr3p0,6.357684218906431
bhm_sr,estimates,uncertain,SSP1,rcp45,,,5.0,226.01732376140816,169,ssp1_rcp45,fixed_dr5p0,5.420611650146073
bhm_sr,estimates,uncertain,SSP1,rcp60,1.0,0p7,,1012.3832884902105,169,ssp1_rcp60,ramsey_prtp1p0_eta0p7,6.920062521709572
bhm_sr,estimates,uncertain,SSP1,rcp60,1.0,1p5,,571.0176577564814,169,ssp1_rcp60,ramsey_prtp1p0_eta1p5,6.347420133444908
bhm_sr,estimates,uncertain,SSP1,rcp60,2.0,0p7,,500.36392851068376,169,ssp1_rcp60,ramsey_prtp2p0_eta0p7,6.215335690684101
bhm_sr,estimates,uncertain,SSP1,rcp60,2.0,1p5,,280.0798803051619,169,ssp1_rcp60,ramsey_prtp2p0_eta1p5,5.635074849286857
bhm_sr,estimates,uncertain,SSP1,rcp60,,,3.0,565.5280842640454,169,ssp1_rcp60,fixed_dr3p0,6.337759957035748
bhm_sr,estimates,uncertain,SSP1,rcp60,,,5.0,223.25382022657078,169,ssp1_rcp60,fixed_dr5p0,5.408309331487339
bhm_sr,estimates,uncertain,SSP1,rcp85,1.0,0p7,,1185.6326394480711,169,ssp1_rcp85,ramsey_prtp1p0_eta0p7,7.078031784061727
bhm_sr,estimates,uncertain,SSP1,rcp85,1.0,1p5,,1233.9758506716857,169,ssp1_rcp85,ramsey_prtp1p0_eta1p5,7.117996634315724
bhm_sr,estimates,uncertain,SSP1,rcp85,2.0,0p7,,566.4852659177477,169,ssp1_rcp85,ramsey_prtp2p0_eta0p7,6.339451071158503
bhm_sr,estimates,uncertain,SSP1,rcp85,2.0,1p5,,524.2833305285442,169,ssp1_rcp85,ramsey_prtp2p0_eta1p5,6.262032245307165
bhm_sr,estimates,uncertain,SSP1,rcp85,,,3.0,386.40891200278185,169,ssp1_rcp85,fixed_dr3p0,5.9568961662617825
bhm_sr,estimates,uncertain,SSP1,rcp85,,,5.0,185.95393704418237,169,ssp1_rcp85,fixed_dr5p0,5.225498992742707
bhm_sr,estimates,uncertain,SSP2,rcp45,1.0,0p7,,1237.5404303652333,169,ssp2_rcp45,ramsey_prtp1p0_eta0p7,7.120881164911369
bhm_sr,estimates,uncertain,SSP2,rcp45,1.0,1p5,,873.321560308256,169,ssp2_rcp45,ramsey_prtp1p0_eta1p5,6.772303827433103
bhm_sr,estimates,uncertain,SSP2,rcp45,2.0,0p7,,583.7749125514306,169,ssp2_rcp45,ramsey_prtp2p0_eta0p7,6.369515484820114
bhm_sr,estimates,uncertain,SSP2,rcp45,2.0,1p5,,417.25199032016246,169,ssp2_rcp45,ramsey_prtp2p0_eta1p5,6.033690332620831
bhm_sr,estimates,uncertain,SSP2,rcp45,,,3.0,452.39718485178975,169,ssp2_rcp45,fixed_dr3p0,6.114560521525411
bhm_sr,estimates,uncertain,SSP2,rcp45,,,5.0,177.49036624191726,169,ssp2_rcp45,fixed_dr5p0,5.1789163327491226
bhm_sr,estimates,uncertain,SSP2,rcp60,1.0,0p7,,1185.7016026362503,169,ssp2_rcp60,ramsey_prtp1p0_eta0p7,7.07808994810033
bhm_sr,estimates,uncertain,SSP2,rcp60,1.0,1p5,,825.7720825301814,169,ssp2_rcp60,ramsey_prtp1p0_eta1p5,6.7163188063053125
bhm_sr,estimates,uncertain,SSP2,rcp60,2.0,0p7,,559.2563809021781,169,ssp2_rcp60,ramsey_prtp2p0_eta0p7,6.326608010054238
bhm_sr,estimates,uncertain,SSP2,rcp60,2.0,1p5,,389.3750004635955,169,ssp2_rcp60,ramsey_prtp2p0_eta1p5,5.964542890732332
bhm_sr,estimates,uncertain,SSP2,rcp60,,,3.0,443.11200652642594,169,ssp2_rcp60,fixed_dr3p0,6.093822574490166
bhm_sr,estimates,uncertain,SSP2,rcp60,,,5.0,175.20457026804675,169,ssp2_rcp60,fixed_dr5p0,5.16595426416689
bhm_sr,estimates,uncertain,SSP2,rcp85,1.0,0p7,,1336.664880454756,169,ssp2_rcp85,ramsey_prtp1p0_eta0p7,7.197932895313475
bhm_sr,estimates,uncertain,SSP2,rcp85,1.0,1p5,,1787.2024879011733,169,ssp2_rcp85,ramsey_prtp1p0_eta1p5,7.488406820380425
bhm_sr,estimates,uncertain,SSP2,rcp85,2.0,0p7,,615.5625588897634,169,ssp2_rcp85,ramsey_prtp2p0_eta0p7,6.422536579598128
bhm_sr,estimates,uncertain,SSP2,rcp85,2.0,1p5,,732.7997193576506,169,ssp2_rcp85,ramsey_prtp2p0_eta1p5,6.596872430387209
bhm_sr,estimates,uncertain,SSP2,rcp85,,,3.0,277.00987951913095,169,ssp2_rcp85,fixed_dr3p0,5.624053171685364
bhm_sr,estimates,uncertain,SSP2,rcp85,,,5.0,141.94163492186436,169,ssp2_rcp85,fixed_dr5p0,4.955415951431687
bhm_sr,estimates,uncertain,SSP3,rcp45,1.0,0p7,,1431.4048691943935,169,ssp3_rcp45,ramsey_prtp1p0_eta0p7,7.26641166699942
bhm_sr,estimates,uncertain,SSP3,rcp45,1.0,1p5,,1923.6067196224299,169,ssp3_rcp45,ramsey_prtp1p0_eta1p5,7.5619572026509045
bhm_sr,estimates,uncertain,SSP3,rcp45,2.0,0p7,,638.2565162219639,169,ssp3_rcp45,ramsey_prtp2p0_eta0p7,6.458740265582933
bhm_sr,estimates,uncertain,SSP3,rcp45,2.0,1p5,,804.1059950967103,169,ssp3_rcp45,ramsey_prtp2p0_eta1p5,6.6897310951869375
bhm_sr,estimates,uncertain,SSP3,rcp45,,,3.0,270.02519570205453,169,ssp3_rcp45,fixed_dr3p0,5.5985152720595925
bhm_sr,estimates,uncertain,SSP3,rcp45,,,5.0,120.51277357617332,169,ssp3_rcp45,fixed_dr5p0,4.791755752094121
bhm_sr,estimates,uncertain,SSP3,rcp60,1.0,0p7,,1379.4734566997615,169,ssp3_rcp60,ramsey_prtp1p0_eta0p7,7.2294571522252244
bhm_sr,estimates,uncertain,SSP3,rcp60,1.0,1p5,,1833.9996789597215,169,ssp3_rcp60,ramsey_prtp1p0_eta1p5,7.51425447776717
bhm_sr,estimates,uncertain,SSP3,rcp60,2.0,0p7,,612.7716528293125,169,ssp3_rcp60,ramsey_prtp2p0_eta0p7,6.417992358918621
bhm_sr,estimates,uncertain,SSP3,rcp60,2.0,1p5,,758.5767630599983,169,ssp3_rcp60,ramsey_prtp2p0_eta1p5,6.631443997438429
bhm_sr,estimates,uncertain,SSP3,rcp60,,,3.0,265.37234885899716,169,ssp3_rcp60,fixed_dr3p0,5.581133929804878
bhm_sr,estimates,uncertain,SSP3,rcp60,,,5.0,118.96414836090932,169,ssp3_rcp60,fixed_dr5p0,4.7788221734412435
bhm_sr,estimates,uncertain,SSP3,rcp85,1.0,0p7,,1389.8229197329413,169,ssp3_rcp85,ramsey_prtp1p0_eta0p7,7.2369316221336115
bhm_sr,estimates,uncertain,SSP3,rcp85,1.0,1p5,,3604.083309818261,169,ssp3_rcp85,ramsey_prtp1p0_eta1p5,8.189822734392875
bhm_sr,estimates,uncertain,SSP3,rcp85,2.0,0p7,,625.4513093364899,169,ssp3_rcp85,ramsey_prtp2p0_eta0p7,6.4384734840896725
bhm_sr,estimates,uncertain,SSP3,rcp85,2.0,1p5,,1375.2322551374773,169,ssp3_rcp85,ramsey_prtp2p0_eta1p5,7.226377908663762
bhm_sr,estimates,uncertain,SSP3,rcp85,,,3.0,172.2358728476382,169,ssp3_rcp85,fixed_dr3p0,5.1488648911319945
bhm_sr,estimates,uncertain,SSP3,rcp85,,,5.0,100.97775989356369,169,ssp3_rcp85,fixed_dr5p0,4.614900293520257
bhm_sr,estimates,uncertain,SSP4,rcp45,1.0,0p7,,1129.3305400293373,169,ssp4_rcp45,ramsey_prtp1p0_eta0p7,7.029380293691099
bhm_sr,estimates,uncertain,SSP4,rcp45,1.0,1p5,,1103.3046332105205,169,ssp4_rcp45,ramsey_prtp1p0_eta1p5,7.006065167168773
bhm_sr,estimates,uncertain,SSP4,rcp45,2.0,0p7,,529.6397972400288,169,ssp4_rcp45,ramsey_prtp2p0_eta0p7,6.272197147645467
bhm_sr,estimates,uncertain,SSP4,rcp45,2.0,1p5,,495.63867885426345,169,ssp4_rcp45,ramsey_prtp2p0_eta1p5,6.205847191209802
bhm_sr,estimates,uncertain,SSP4,rcp45,,,3.0,299.13532853472253,169,ssp4_rcp45,fixed_dr3p0,5.700896074791542
bhm_sr,estimates,uncertain,SSP4,rcp45,,,5.0,134.50757262265248,169,ssp4_rcp45,fixed_dr5p0,4.90162049948415
bhm_sr,estimates,uncertain,SSP4,rcp60,1.0,0p7,,1084.8950755110613,169,ssp4_rcp60,ramsey_prtp1p0_eta0p7,6.989238556700268
bhm_sr,estimates,uncertain,SSP4,rcp60,1.0,1p5,,1044.5969031445334,169,ssp4_rcp60,ramsey_prtp1p0_eta1p5,6.951386351364962
bhm_sr,estimates,uncertain,SSP4,rcp60,2.0,0p7,,506.72563242417107,169,ssp4_rcp60,ramsey_prtp2p0_eta0p7,6.227969698185158
bhm_sr,estimates,uncertain,SSP4,rcp60,2.0,1p5,,464.2756731180619,169,ssp4_rcp60,ramsey_prtp2p0_eta1p5,6.1404784989042716
bhm_sr,estimates,uncertain,SSP4,rcp60,,,3.0,294.1753723353829,169,ssp4_rcp60,fixed_dr3p0,5.684176094042683
bhm_sr,estimates,uncertain,SSP4,rcp60,,,5.0,132.89890010936955,169,ssp4_rcp60,fixed_dr5p0,4.889588689607974
bhm_sr,estimates,uncertain,SSP4,rcp85,1.0,0p7,,1156.5905250246537,169,ssp4_rcp85,ramsey_prtp1p0_eta0p7,7.053231753597059
bhm_sr,estimates,uncertain,SSP4,rcp85,1.0,1p5,,2140.4210609702113,169,ssp4_rcp85,ramsey_prtp1p0_eta1p5,7.668757846124402
bhm_sr,estimates,uncertain,SSP4,rcp85,2.0,0p7,,541.5471919626974,169,ssp4_rcp85,ramsey_prtp2p0_eta0p7,6.294430213082627
bhm_sr,estimates,uncertain,SSP4,rcp85,2.0,1p5,,852.6339859282081,169,ssp4_rcp85,ramsey_prtp2p0_eta1p5,6.7483303650522695
bhm_sr,estimates,uncertain,SSP4,rcp85,,,3.0,198.50545197594548,169,ssp4_rcp85,fixed_dr3p0,5.290816565623846
bhm_sr,estimates,uncertain,SSP4,rcp85,,,5.0,114.67982883561658,169,ssp4_rcp85,fixed_dr5p0,4.74214414847496
bhm_sr,estimates,uncertain,SSP5,rcp45,1.0,0p7,,1157.477349457995,169,ssp5_rcp45,ramsey_prtp1p0_eta0p7,7.053998217266112
bhm_sr,estimates,uncertain,SSP5,rcp45,1.0,1p5,,514.9518244209775,169,ssp5_rcp45,ramsey_prtp1p0_eta1p5,6.244073351474511
bhm_sr,estimates,uncertain,SSP5,rcp45,2.0,0p7,,576.6034552361998,169,ssp5_rcp45,ramsey_prtp2p0_eta0p7,6.357154777618189
bhm_sr,estimates,uncertain,SSP5,rcp45,2.0,1p5,,263.94483475980746,169,ssp5_rcp45,ramsey_prtp2p0_eta1p5,5.575740122068138
bhm_sr,estimates,uncertain,SSP5,rcp45,,,3.0,774.6718747676084,169,ssp5_rcp45,fixed_dr3p0,6.652439552302963
bhm_sr,estimates,uncertain,SSP5,rcp45,,,5.0,292.92860557610794,169,ssp5_rcp45,fixed_dr5p0,5.679928912349705
bhm_sr,estimates,uncertain,SSP5,rcp60,1.0,0p7,,1105.2892648332545,169,ssp5_rcp60,ramsey_prtp1p0_eta0p7,7.007862357823579
bhm_sr,estimates,uncertain,SSP5,rcp60,1.0,1p5,,482.2633712032229,169,ssp5_rcp60,ramsey_prtp1p0_eta1p5,6.178490378105915
bhm_sr,estimates,uncertain,SSP5,rcp60,2.0,0p7,,549.1438578215751,169,ssp5_rcp60,ramsey_prtp2p0_eta0p7,6.308360443288939
bhm_sr,estimates,uncertain,SSP5,rcp60,2.0,1p5,,244.81158735872066,169,ssp5_rcp60,ramsey_prtp2p0_eta1p5,5.5004888834996555
bhm_sr,estimates,uncertain,SSP5,rcp60,,,3.0,757.1618442561352,169,ssp5_rcp60,fixed_dr3p0,6.629577027489893
bhm_sr,estimates,uncertain,SSP5,rcp60,,,5.0,289.15040244258023,169,ssp5_rcp60,fixed_dr5p0,5.666946976415744
bhm_sr,estimates,uncertain,SSP5,rcp85,1.0,0p7,,1345.4090351236086,169,ssp5_rcp85,ramsey_prtp1p0_eta0p7,7.204453361135783
bhm_sr,estimates,uncertain,SSP5,rcp85,1.0,1p5,,1005.1066890247406,169,ssp5_rcp85,ramsey_prtp1p0_eta1p5,6.912848973092363
bhm_sr,estimates,uncertain,SSP5,rcp85,2.0,0p7,,642.05200865903,169,ssp5_rcp85,ramsey_prtp2p0_eta0p7,6.464669310781119
bhm_sr,estimates,uncertain,SSP5,rcp85,2.0,1p5,,448.90406440237035,169,ssp5_rcp85,ramsey_prtp2p0_eta1p5,6.106809199884502
bhm_sr,estimates,uncertain,SSP5,rcp85,,,3.0,473.62219605360946,169,ssp5_rcp85,fixed_dr3p0,6.160409949138837
bhm_sr,estimates,uncertain,SSP5,rcp85,,,5.0,230.03310469605188,169,ssp5_rcp85,fixed_dr5p0,5.438223232026863
djo_richpoor,estimates,uncertain,SSP1,rcp45,1.0,0p7,,603.2984808875423,169,ssp1_rcp45,ramsey_prtp1p0_eta0p7,6.402412067438478
djo_richpoor,estimates,uncertain,SSP1,rcp45,1.0,1p5,,223.33735367849397,169,ssp1_rcp45,ramsey_prtp1p0_eta1p5,5.408683425100372
djo_richpoor,estimates,uncertain,SSP1,rcp45,2.0,0p7,,307.3512402745499,169,ssp1_rcp45,ramsey_prtp2p0_eta0p7,5.727991198726525
djo_richpoor,estimates,uncertain,SSP1,rcp45,2.0,1p5,,127.114822062084,169,ssp1_rcp45,ramsey_prtp2p0_eta1p5,4.8450907887217385
djo_richpoor,estimates,uncertain,SSP1,rcp45,,,3.0,529.4814253744487,169,ssp1_rcp45,fixed_dr3p0,6.2718980848689325
djo_richpoor,estimates,uncertain,SSP1,rcp45,,,5.0,174.50189460130653,169,ssp1_rcp45,fixed_dr5p0,5.161935598897619
djo_richpoor,estimates,uncertain,SSP1,rcp60,1.0,0p7,,582.7632137343056,169,ssp1_rcp60,ramsey_prtp1p0_eta0p7,6.36778095244954
djo_richpoor,estimates,uncertain,SSP1,rcp60,1.0,1p5,,215.6330564810282,169,ssp1_rcp60,ramsey_prtp1p0_eta1p5,5.373578150477906
djo_richpoor,estimates,uncertain,SSP1,rcp60,2.0,0p7,,297.6228928379842,169,ssp1_rcp60,ramsey_prtp2p0_eta0p7,5.6958272248591895
djo_richpoor,estimates,uncertain,SSP1,rcp60,2.0,1p5,,123.70305626983748,169,ssp1_rcp60,ramsey_prtp2p0_eta1p5,4.817883986205898
djo_richpoor,estimates,uncertain,SSP1,rcp60,,,3.0,512.5278922267643,169,ssp1_rcp60,fixed_dr3p0,6.23935513338874
djo_richpoor,estimates,uncertain,SSP1,rcp60,,,5.0,169.53879059615613,169,ssp1_rcp60,fixed_dr5p0,5.133081753712302
djo_richpoor,estimates,uncertain,SSP1,rcp85,1.0,0p7,,612.5872018496187,169,ssp1_rcp85,ramsey_prtp1p0_eta0p7,6.417691302651908
djo_richpoor,estimates,uncertain,SSP1,rcp85,1.0,1p5,,227.6089071277062,169,ssp1_rcp85,ramsey_prtp1p0_eta1p5,5.427628836493918
djo_richpoor,estimates,uncertain,SSP1,rcp85,2.0,0p7,,312.1627988192464,169,ssp1_rcp85,ramsey_prtp2p0_eta0p7,5.743524842811178
djo_richpoor,estimates,uncertain,SSP1,rcp85,2.0,1p5,,129.52001588701407,169,ssp1_rcp85,ramsey_prtp2p0_eta1p5,4.863835432030074
djo_richpoor,estimates,uncertain,SSP1,rcp85,,,3.0,534.9140981703142,169,ssp1_rcp85,fixed_dr3p0,6.282106169836563
djo_richpoor,estimates,uncertain,SSP1,rcp85,,,5.0,176.43959686342197,169,ssp1_rcp85,fixed_dr5p0,5.172978590397482
djo_richpoor,estimates,uncertain,SSP2,rcp45,1.0,0p7,,644.8472709943359,169,ssp2_rcp45,ramsey_prtp1p0_eta0p7,6.469013499600726
djo_richpoor,estimates,uncertain,SSP2,rcp45,1.0,1p5,,258.4793894905459,169,ssp2_rcp45,ramsey_prtp1p0_eta1p5,5.554815959592013
djo_richpoor,estimates,uncertain,SSP2,rcp45,2.0,0p7,,321.4271154481114,169,ssp2_rcp45,ramsey_prtp2p0_eta0p7,5.772770816415907
djo_richpoor,estimates,uncertain,SSP2,rcp45,2.0,1p5,,144.36667121697295,169,ssp2_rcp45,ramsey_prtp2p0_eta1p5,4.972356391071563
djo_richpoor,estimates,uncertain,SSP2,rcp45,,,3.0,473.36581569450186,169,ssp2_rcp45,fixed_dr3p0,6.159868484279324
djo_richpoor,estimates,uncertain,SSP2,rcp45,,,5.0,151.6881360291693,169,ssp2_rcp45,fixed_dr5p0,5.021826676500983
djo_richpoor,estimates,uncertain,SSP2,rcp60,1.0,0p7,,622.7355381960491,169,ssp2_rcp60,ramsey_prtp1p0_eta0p7,6.434121931385368
djo_richpoor,estimates,uncertain,SSP2,rcp60,1.0,1p5,,249.52918979609976,169,ssp2_rcp60,ramsey_prtp1p0_eta1p5,5.519575901519147
djo_richpoor,estimates,uncertain,SSP2,rcp60,2.0,0p7,,311.2956323648522,169,ssp2_rcp60,ramsey_prtp2p0_eta0p7,5.740743047040278
djo_richpoor,estimates,uncertain,SSP2,rcp60,2.0,1p5,,140.27279387846784,169,ssp2_rcp60,ramsey_prtp2p0_eta1p5,4.943589054394973
djo_richpoor,estimates,uncertain,SSP2,rcp60,,,3.0,458.0250268165988,169,ssp2_rcp60,fixed_dr3p0,6.126923826325636
djo_richpoor,estimates,uncertain,SSP2,rcp60,,,5.0,147.3740211493436,169,ssp2_rcp60,fixed_dr5p0,4.992973716931108
djo_richpoor,estimates,uncertain,SSP2,rcp85,1.0,0p7,,655.1019237685804,169,ssp2_rcp85,ramsey_prtp1p0_eta0p7,6.484790832336451
djo_richpoor,estimates,uncertain,SSP2,rcp85,1.0,1p5,,263.38299521299126,169,ssp2_rcp85,ramsey_prtp1p0_eta1p5,5.573609228428632
djo_richpoor,estimates,uncertain,SSP2,rcp85,2.0,0p7,,326.3700111593914,169,ssp2_rcp85,ramsey_prtp2p0_eta0p7,5.788031741293555
djo_richpoor,estimates,uncertain,SSP2,rcp85,2.0,1p5,,147.25152056015196,169,ssp2_rcp85,ramsey_prtp2p0_eta1p5,4.992142148863112
djo_richpoor,estimates,uncertain,SSP2,rcp85,,,3.0,478.17537856463747,169,ssp2_rcp85,fixed_dr3p0,6.16997756596267
djo_richpoor,estimates,uncertain,SSP2,rcp85,,,5.0,153.46566816781845,169,ssp2_rcp85,fixed_dr5p0,5.033476881867086
djo_richpoor,estimates,uncertain,SSP3,rcp45,1.0,0p7,,627.7171946412146,169,ssp3_rcp45,ramsey_prtp1p0_eta0p7,6.442089738036106
djo_richpoor,estimates,uncertain,SSP3,rcp45,1.0,1p5,,320.84555471097786,169,ssp3_rcp45,ramsey_prtp1p0_eta1p5,5.77095986937397
djo_richpoor,estimates,uncertain,SSP3,rcp45,2.0,0p7,,304.37117063623054,169,ssp3_rcp45,ramsey_prtp2p0_eta0p7,5.718247912685779
djo_richpoor,estimates,uncertain,SSP3,rcp45,2.0,1p5,,170.7988511024756,169,ssp3_rcp45,ramsey_prtp2p0_eta1p5,5.140486554765544
djo_richpoor,estimates,uncertain,SSP3,rcp45,,,3.0,296.63957826525876,169,ssp3_rcp45,fixed_dr3p0,5.692517860670907
djo_richpoor,estimates,uncertain,SSP3,rcp45,,,5.0,105.7627010304422,169,ssp3_rcp45,fixed_dr5p0,4.661197915021225
djo_richpoor,estimates,uncertain,SSP3,rcp60,1.0,0p7,,606.0004591352553,169,ssp3_rcp60,ramsey_prtp1p0_eta0p7,6.406880743717964
djo_richpoor,estimates,uncertain,SSP3,rcp60,1.0,1p5,,310.9911793750387,169,ssp3_rcp60,ramsey_prtp1p0_eta1p5,5.739764549638882
djo_richpoor,estimates,uncertain,SSP3,rcp60,2.0,0p7,,295.0051433496384,169,ssp3_rcp60,ramsey_prtp2p0_eta0p7,5.686992791271351
djo_richpoor,estimates,uncertain,SSP3,rcp60,2.0,1p5,,165.8626139974944,169,ssp3_rcp60,ramsey_prtp2p0_eta1p5,5.111159819163514
djo_richpoor,estimates,uncertain,SSP3,rcp60,,,3.0,287.45719240789447,169,ssp3_rcp60,fixed_dr3p0,5.661073953178758
djo_richpoor,estimates,uncertain,SSP3,rcp60,,,5.0,102.94271437383054,169,ssp3_rcp60,fixed_dr5p0,4.634172662381245
djo_richpoor,estimates,uncertain,SSP3,rcp85,1.0,0p7,,637.8437992752839,169,ssp3_rcp85,ramsey_prtp1p0_eta0p7,6.45809342464722
djo_richpoor,estimates,uncertain,SSP3,rcp85,1.0,1p5,,327.29056356912173,169,ssp3_rcp85,ramsey_prtp1p0_eta1p5,5.79084834995531
djo_richpoor,estimates,uncertain,SSP3,rcp85,2.0,0p7,,308.9042751862616,169,ssp3_rcp85,ramsey_prtp2p0_eta0p7,5.733031439861984
djo_richpoor,estimates,uncertain,SSP3,rcp85,2.0,1p5,,173.89744317021035,169,ssp3_rcp85,ramsey_prtp2p0_eta1p5,5.158465718378143
djo_richpoor,estimates,uncertain,SSP3,rcp85,,,3.0,299.7820588476793,169,ssp3_rcp85,fixed_dr3p0,5.703055740140896
djo_richpoor,estimates,uncertain,SSP3,rcp85,,,5.0,107.14541750335854,169,ssp3_rcp85,fixed_dr5p0,4.674186953887534
djo_richpoor,estimates,uncertain,SSP4,rcp45,1.0,0p7,,580.2894408750956,169,ssp4_rcp45,ramsey_prtp1p0_eta0p7,6.363527015054959
djo_richpoor,estimates,uncertain,SSP4,rcp45,1.0,1p5,,231.99895293357486,169,ssp4_rcp45,ramsey_prtp1p0_eta1p5,5.446732858438776
djo_richpoor,estimates,uncertain,SSP4,rcp45,2.0,0p7,,293.26298442439304,169,ssp4_rcp45,ramsey_prtp2p0_eta0p7,5.6810697642153976
djo_richpoor,estimates,uncertain,SSP4,rcp45,2.0,1p5,,133.4525483824107,169,ssp4_rcp45,ramsey_prtp2p0_eta1p5,4.893745971827145
djo_richpoor,estimates,uncertain,SSP4,rcp45,,,3.0,363.16321219327796,169,ssp4_rcp45,fixed_dr3p0,5.894852353583058
djo_richpoor,estimates,uncertain,SSP4,rcp45,,,5.0,127.72056705780159,169,ssp4_rcp45,fixed_dr5p0,4.849844807687974
djo_richpoor,estimates,uncertain,SSP4,rcp60,1.0,0p7,,560.1784162427417,169,ssp4_rcp60,ramsey_prtp1p0_eta0p7,6.328255333420322
djo_richpoor,estimates,uncertain,SSP4,rcp60,1.0,1p5,,224.56969056179807,169,ssp4_rcp60,ramsey_prtp1p0_eta1p5,5.414186084675256
djo_richpoor,estimates,uncertain,SSP4,rcp60,2.0,0p7,,284.26398872961295,169,ssp4_rcp60,ramsey_prtp2p0_eta0p7,5.649903344188823
djo_richpoor,estimates,uncertain,SSP4,rcp60,2.0,1p5,,129.5564521806647,169,ssp4_rcp60,ramsey_prtp2p0_eta1p5,4.86411671032727
djo_richpoor,estimates,uncertain,SSP4,rcp60,,,3.0,352.32649944692133,169,ssp4_rcp60,fixed_dr3p0,5.86455830093149
djo_richpoor,estimates,uncertain,SSP4,rcp60,,,5.0,124.37676602332657,169,ssp4_rcp60,fixed_dr5p0,4.823315394560475
djo_richpoor,estimates,uncertain,SSP4,rcp85,1.0,0p7,,589.177475329863,169,ssp4_rcp85,ramsey_prtp1p0_eta0p7,6.378727454614445
djo_richpoor,estimates,uncertain,SSP4,rcp85,1.0,1p5,,236.64898854268912,169,ssp4_rcp85,ramsey_prtp1p0_eta1p5,5.466577982278848
djo_richpoor,estimates,uncertain,SSP4,rcp85,2.0,0p7,,297.92613268726825,169,ssp4_rcp85,ramsey_prtp2p0_eta0p7,5.696845578890489
djo_richpoor,estimates,uncertain,SSP4,rcp85,2.0,1p5,,135.754971462187,169,ssp4_rcp85,ramsey_prtp2p0_eta1p5,4.910851580332691
djo_richpoor,estimates,uncertain,SSP4,rcp85,,,3.0,367.5518820702402,169,ssp4_rcp85,fixed_dr3p0,5.906864484389874
djo_richpoor,estimates,uncertain,SSP4,rcp85,,,5.0,129.35283718908173,169,ssp4_rcp85,fixed_dr5p0,4.862543842593897
djo_richpoor,estimates,uncertain,SSP5,rcp45,1.0,0p7,,753.0268534208353,169,ssp5_rcp45,ramsey_prtp1p0_eta0p7,6.624100889077482
djo_richpoor,estimates,uncertain,SSP5,rcp45,1.0,1p5,,220.52337926202387,169,ssp5_rcp45,ramsey_prtp1p0_eta1p5,5.396003717665488
djo_richpoor,estimates,uncertain,SSP5,rcp45,2.0,0p7,,379.61827688520106,169,ssp5_rcp45,ramsey_prtp2p0_eta0p7,5.9391662133248655
djo_richpoor,estimates,uncertain,SSP5,rcp45,2.0,1p5,,127.81563621890503,169,ssp5_rcp45,ramsey_prtp2p0_eta1p5,4.8505888835901025
djo_richpoor,estimates,uncertain,SSP5,rcp45,,,3.0,815.8873841612581,169,ssp5_rcp45,fixed_dr3p0,6.704276335833604
djo_richpoor,estimates,uncertain,SSP5,rcp45,,,5.0,247.19027386164396,169,ssp5_rcp45,fixed_dr5p0,5.510158379589606
djo_richpoor,estimates,uncertain,SSP5,rcp60,1.0,0p7,,728.3231379180572,169,ssp5_rcp60,ramsey_prtp1p0_eta0p7,6.590744820481761
djo_richpoor,estimates,uncertain,SSP5,rcp60,1.0,1p5,,213.511034691907,169,ssp5_rcp60,ramsey_prtp1p0_eta1p5,5.36368851607268
djo_richpoor,estimates,uncertain,SSP5,rcp60,2.0,0p7,,366.40886690422457,169,ssp5_rcp60,ramsey_prtp2p0_eta0p7,5.903749832573274
djo_richpoor,estimates,uncertain,SSP5,rcp60,2.0,1p5,,124.21503582413926,169,ssp5_rcp60,ramsey_prtp2p0_eta1p5,4.822014223558025
djo_richpoor,estimates,uncertain,SSP5,rcp60,,,3.0,787.9985254151242,169,ssp5_rcp60,fixed_dr3p0,6.669496218555524
djo_richpoor,estimates,uncertain,SSP5,rcp60,,,5.0,239.92550478573864,169,ssp5_rcp60,fixed_dr5p0,5.480328478432868
djo_richpoor,estimates,uncertain,SSP5,rcp85,1.0,0p7,,764.9540279343593,169,ssp5_rcp85,ramsey_prtp1p0_eta0p7,6.639815737817355
djo_richpoor,estimates,uncertain,SSP5,rcp85,1.0,1p5,,224.86457361694283,169,ssp5_rcp85,ramsey_prtp1p0_eta1p5,5.415498325957076
djo_richpoor,estimates,uncertain,SSP5,rcp85,2.0,0p7,,385.17392049406703,169,ssp5_rcp85,ramsey_prtp2p0_eta0p7,5.953694973826323
djo_richpoor,estimates,uncertain,SSP5,rcp85,2.0,1p5,,130.2842348719039,169,ssp5_rcp85,ramsey_prtp2p0_eta1p5,4.869718485804688
djo_richpoor,estimates,uncertain,SSP5,rcp85,,,3.0,823.5729845521879,169,ssp5_rcp85,fixed_dr3p0,6.713652172954876
djo_richpoor,estimates,uncertain,SSP5,rcp85,,,5.0,249.87046895060794,169,ssp5_rcp85,fixed_dr5p0,5.520942659391954
