Continent,Carbon Pumps,Saltmarshes,Seagrasses,Mangroves
Africa,157.522878,0.0238762584384408,15.970270798367112,5.117959100616047
Americas,328.605394,4.06133027902518,6.0371921827827535,6.774468374889287
Asia,153.5396150799,0.9740720946401593,23.78856007906811,5.22239531296741
Caribbean,6.078712,0.010030044381924,21.996284484417174,0.43501329352226514
Europe,194.545357,1.9524874906742182,3.5854499766942878,0.0
Oceania,176.859742,2.2439299553081544,14.71575726181845,2.9996848618590772
